Site,year,month,Tmax,Tmin,AFdays,Precip
Oxford,1931,1,6.5,0.8,14,36.2
Oxford,1931,2,7.4,1.3,6,43.7
Oxford,1931,3,9.2,0.3,16,3.7
Oxford,1931,4,11.8,4.7,0,75.8
Oxford,1931,5,16.1,7.8,0,72.8
Oxford,1931,6,19.5,11.0,0,89.7
Oxford,1931,7,19.6,12.1,0,80.6
Oxford,1931,8,19.1,11.2,0,90.4
Oxford,1931,9,15.7,8.3,0,62.9
Oxford,1931,10,13.4,5.2,8,18.1
Oxford,1931,11,11.0,5.1,1,90.6
Oxford,1931,12,7.8,2.8,6,28.8
Oxford,1932,1,9.4,3.5,5,38.3
Oxford,1932,2,5.8,-0.4,17,3.5
Oxford,1932,3,9.6,0.4,15,54.4
Oxford,1932,4,11.3,3.8,1,62.1
Oxford,1932,5,14.8,7.5,0,139.1
Oxford,1932,6,19.2,9.5,0,14.6
Oxford,1932,7,20.6,12.7,0,61.6
Oxford,1932,8,22.9,13.6,0,64.7
Oxford,1932,9,17.7,9.7,0,66.0
Oxford,1932,10,13.1,5.9,1,120.8
Oxford,1932,11,9.6,4.0,1,31.5
Oxford,1932,12,8.2,3.5,4,17.7
Oxford,1933,1,5.3,-0.7,19,44.5
Oxford,1933,2,7.9,1.4,14,88.6
Oxford,1933,3,12.9,3.3,4,60.6
Oxford,1933,4,14.4,4.5,2,25.3
Oxford,1933,5,17.7,8.1,0,44.9
Oxford,1933,6,21.4,10.6,0,34.1
Oxford,1933,7,23.9,13.6,0,47.5
Oxford,1933,8,24.6,12.7,0,20.5
Oxford,1933,9,20.6,10.7,0,52.8
Oxford,1933,10,14.0,6.7,1,36.3
Oxford,1933,11,8.8,2.8,6,28.5
Oxford,1933,12,3.5,-0.7,16,7.8
Oxford,1934,1,7.5,0.6,12,47.8
Oxford,1934,2,7.5,-0.5,14,7.7
Oxford,1934,3,9.6,1.3,8,45.2
Oxford,1934,4,12.7,4.5,3,53.0
Oxford,1934,5,17.6,6.9,0,18.0
Oxford,1934,6,21.1,10.6,0,36.6
Oxford,1934,7,25.3,12.9,0,24.0
Oxford,1934,8,21.1,11.4,0,46.2
Oxford,1934,9,20.2,10.7,0,61.4
Oxford,1934,10,14.5,7.6,1,34.9
Oxford,1934,11,9.3,3.9,3,41.4
Oxford,1934,12,10.5,5.9,0,142.2
Oxford,1935,1,7.3,2.5,5,13.9
Oxford,1935,2,9.3,2.9,4,52.0
Oxford,1935,3,11.1,2.8,6,11.4
Oxford,1935,4,12.6,4.4,3,91.8
Oxford,1935,5,15.1,5.4,2,35.9
Oxford,1935,6,20.0,11.2,0,114.6
Oxford,1935,7,23.9,12.7,0,12.9
Oxford,1935,8,23.4,12.1,0,45.3
Oxford,1935,9,18.7,10.2,0,116.3
Oxford,1935,10,14.0,6.1,3,94.9
Oxford,1935,11,10.4,4.3,2,103.1
Oxford,1935,12,5.6,0.9,12,78.8
Oxford,1936,1,7.2,1.7,12,80.3
Oxford,1936,2,6.2,-0.3,15,39.6
Oxford,1936,3,11.0,4.1,4,46.5
Oxford,1936,4,10.7,2.9,4,41.8
Oxford,1936,5,17.1,6.8,0,10.7
Oxford,1936,6,20.0,10.6,0,91.6
Oxford,1936,7,19.6,12.0,0,87.1
Oxford,1936,8,22.2,11.7,0,21.0
Oxford,1936,9,18.7,11.3,0,83.7
Oxford,1936,10,13.8,5.2,0,33.6
Oxford,1936,11,9.0,2.2,10,67.7
Oxford,1936,12,8.5,2.2,8,50.7
Oxford,1937,1,8.4,2.5,6,84.8
Oxford,1937,2,9.5,3.5,2,120.3
Oxford,1937,3,7.7,0.8,12,77.5
Oxford,1937,4,13.5,5.8,1,66.9
Oxford,1937,5,17.5,8.2,0,66.7
Oxford,1937,6,20.0,10.0,0,39.8
Oxford,1937,7,21.2,12.6,0,35.2
Oxford,1937,8,23.6,12.5,0,11.2
Oxford,1937,9,19.3,9.1,0,50.4
Oxford,1937,10,14.8,7.2,0,68.6
Oxford,1937,11,8.6,1.6,11,31.0
Oxford,1937,12,6.0,0.7,14,48.5
Oxford,1938,1,8.8,3.4,0,67.3
Oxford,1938,2,8.2,2.0,6,21.3
Oxford,1938,3,15.5,4.3,5,8.9
Oxford,1938,4,13.0,2.5,5,2.7
Oxford,1938,5,15.9,6.5,1,50.1
Oxford,1938,6,20.3,10.8,0,24.3
Oxford,1938,7,21.0,11.7,0,30.4
Oxford,1938,8,21.9,12.6,0,91.8
Oxford,1938,9,19.0,10.1,0,54.5
Oxford,1938,10,14.7,7.1,0,72.0
Oxford,1938,11,12.9,6.9,0,80.6
Oxford,1938,12,7.2,1.5,11,73.5
Oxford,1939,1,7.4,2.3,6,113.0
Oxford,1939,2,9.5,2.8,4,26.6
Oxford,1939,3,9.6,2.8,4,40.0
Oxford,1939,4,14.1,4.9,1,76.8
Oxford,1939,5,163.0,7.3,0,30.1
Oxford,1939,6,19.5,9.7,0,49.9
Oxford,1939,7,19.8,12.1,0,106.2
Oxford,1939,8,21.5,12.4,0,42.6
Oxford,1939,9,19.3,10.8,0,13.8
Oxford,1939,10,12.5,5.2,0,134.0
Oxford,1939,11,12.3,6.5,0,104.3
Oxford,1939,12,5.6,0.6,11,36.3
Oxford,1940,1,1.9,-4.6,26,74.2
Oxford,1940,2,5.6,0.2,13,55.8
Oxford,1940,3,10.8,2.5,7,64.3
Oxford,1940,4,13.9,5.0,5,45.2
Oxford,1940,5,18.6,7.8,0,38.0
Oxford,1940,6,22.6,11.1,0,15.3
Oxford,1940,7,20.5,11.1,0,61.0
Oxford,1940,8,22.1,11.1,0,1.8
Oxford,1940,9,19.2,8.6,0,24.1
Oxford,1940,10,13.9,6.0,1,67.1
Oxford,1940,11,10.3,4.3,2,175.5
Oxford,1940,12,6.6,0.8,11,32.8
Oxford,1941,1,3.0,-1.2,17,64.4
Oxford,1941,2,7.3,1.3,11,63.9
Oxford,1941,3,9.4,1.4,10,64.5
Oxford,1941,4,11.2,3.1,3,26.3
Oxford,1941,5,14.1,5.0,5,43.7
Oxford,1941,6,21.0,10.9,0,52.9
Oxford,1941,7,23.6,13.1,0,112.7
Oxford,1941,8,19.3,11.3,0,85.1
Oxford,1941,9,19.0,10.4,0,10.6
Oxford,1941,10,14.7,6.4,0,28.8
Oxford,1941,11,10.0,4.2,2,66.6
Oxford,1941,12,8.3,2.7,6,29.8
Oxford,1942,1,3.5,-2.0,20,87.5
Oxford,1942,2,2.8,-2.6,25,16.8
Oxford,1942,3,9.4,1.9,9,60.3
Oxford,1942,4,14.3,5.1,0,26.0
Oxford,1942,5,16.8,6.8,0,78.8
Oxford,1942,6,21.5,9.5,0,4.1
Oxford,1942,7,20.9,11.8,0,46.8
Oxford,1942,8,21.8,12.8,0,94.2
Oxford,1942,9,18.6,10.0,0,28.4
Oxford,1942,10,14.6,7.3,0,89.4
Oxford,1942,11,8.4,1.9,6,50.0
Oxford,1942,12,9.4,4.7,2,85.9
Oxford,1943,1,8.3,2.9,7,96.5
Oxford,1943,2,9.5,2.7,3,23.7
Oxford,1943,3,11.7,2.2,8,19.6
Oxford,1943,4,16.2,6.9,0,25.7
Oxford,1943,5,18.2,7.7,0,57.4
Oxford,1943,6,20.1,10.3,0,43.0
Oxford,1943,7,23.0,11.9,0,25.0
Oxford,1943,8,21.8,12.4,0,56.9
Oxford,1943,9,18.8,9.2,0,44.0
Oxford,1943,10,15.0,6.8,0,62.0
Oxford,1943,11,9.6,3.1,5,35.1
Oxford,1943,12,6.3,0.7,12,26.0
Oxford,1944,1,9.2,3.0,6,36.3
Oxford,1944,2,6.4,0.9,10,23.2
Oxford,1944,3,10.3,1.2,10,6.5
Oxford,1944,4,15.8,6.1,0,36.2
Oxford,1944,5,18.3,6.5,1,18.1
Oxford,1944,6,19.0,9.6,0,52.2
Oxford,1944,7,21.5,13.1,0,56.2
Oxford,1944,8,23.2,13.0,0,49.0
Oxford,1944,9,17.9,8.6,0,64.8
Oxford,1944,10,13.2,6.6,0,85.6
Oxford,1944,11,9.8,3.6,4,91.0
Oxford,1944,12,6.0,0.8,11,40.5
Oxford,1945,1,3.2,-2.0,22,49.9
Oxford,1945,2,10.9,4.7,0,46.8
Oxford,1945,3,13.1,3.9,3,20.4
Oxford,1945,4,16.1,5.6,2,32.6
Oxford,1945,5,18.0,8.2,2,54.0
Oxford,1945,6,19.7,10.8,0,66.2
Oxford,1945,7,22.1,12.8,0,52.0
Oxford,1945,8,21.3,11.7,0,37.2
Oxford,1945,9,18.6,11.5,0,47.5
Oxford,1945,10,16.5,8.0,0,69.4
Oxford,1945,11,10.0,4.4,4,4.8
Oxford,1945,12,8.1,2.5,4,88.9
Oxford,1946,1,5.9,0.1,16,35.2
Oxford,1946,2,9.4,4.0,3,56.1
Oxford,1946,3,9.6,1.3,9,24.4
Oxford,1946,4,16.1,5.0,0,34.4
Oxford,1946,5,15.7,6.2,0,78.6
Oxford,1946,6,18.1,9.5,0,58.3
Oxford,1946,7,22.3,12.7,0,32.2
Oxford,1946,8,20.1,11.4,0,92.2
Oxford,1946,9,18.4,11.0,0,85.4
Oxford,1946,10,13.7,7.1,3,20.2
Oxford,1946,11,11.2,5.7,1,114.1
Oxford,1946,12,6.2,-0.1,13,53.8
Oxford,1947,1,4.9,-0.6,15,35.2
Oxford,1947,2,-0.2,-4.4,26,42.5
Oxford,1947,3,7.7,1.3,14,132.9
Oxford,1947,4,13.8,5.2,0,47.0
Oxford,1947,5,19.2,9.0,0,47.9
Oxford,1947,6,21.5,11.4,0,27.4
Oxford,1947,7,22.6,13.6,0,43.2
Oxford,1947,8,25.8,13.1,0,15.0
Oxford,1947,9,20.7,11.1,0,29.3
Oxford,1947,10,15.8,5.6,2,10.5
Oxford,1947,11,10.9,4.6,8,32.2
Oxford,1947,12,8.1,2.8,6,44.9
Oxford,1948,1,9.1,3.2,4,127.3
Oxford,1948,2,7.9,2.2,11,22.6
Oxford,1948,3,14.0,3.5,4,18.5
Oxford,1948,4,14.8,4.4,2,42.6
Oxford,1948,5,17.5,6.5,0,126.0
Oxford,1948,6,18.5,9.9,0,53.7
Oxford,1948,7,21.1,12.1,0,21.7
Oxford,1948,8,20.1,11.9,0,87.3
Oxford,1948,9,19.1,10.7,0,63.1
Oxford,1948,10,14.3,6.4,3,59.3
Oxford,1948,11,10.5,4.2,7,38.3
Oxford,1948,12,9.1,3.4,5,68.7
Oxford,1949,1,8.6,3.1,5,23.4
Oxford,1949,2,10.3,1.6,8,25.8
Oxford,1949,3,9.0,1.7,9,43.2
Oxford,1949,4,15.5,6.1,1,33.4
Oxford,1949,5,16.7,6.6,0,61.4
Oxford,1949,6,21.6,10.3,0,11.7
Oxford,1949,7,24.7,12.8,0,23.0
Oxford,1949,8,22.9,12.6,0,37.7
Oxford,1949,9,22.0,12.5,0,58.3
Oxford,1949,10,16.3,8.4,2,161.8
Oxford,1949,11,9.9,3.4,5,64.2
Oxford,1949,12,9.1,3.3,4,34.6
Oxford,1950,1,6.9,1.5,12,14.2
Oxford,1950,2,9.5,2.8,5,103.9
Oxford,1950,3,12.2,3.6,3,22.3
Oxford,1950,4,12.5,4.2,2,54.4
Oxford,1950,5,16.0,7.1,0,55.5
Oxford,1950,6,22.1,11.8,0,39.1
Oxford,1950,7,20.8,12.5,0,135.5
Oxford,1950,8,20.8,12.2,0,77.6
Oxford,1950,9,17.3,10.0,0,73.0
Oxford,1950,10,13.4,6.6,3,12.9
Oxford,1950,11,8.7,4.0,3,112.3
Oxford,1950,12,3.7,-0.7,20,33.3
Oxford,1951,1,7.1,2.0,8,78.0
Oxford,1951,2,6.9,1.4,4,87.5
Oxford,1951,3,8.0,1.6,9,90.2
Oxford,1951,4,12.0,2.9,1,64.8
Oxford,1951,5,14.5,6.5,0,53.4
Oxford,1951,6,19.7,9.4,0,35.9
Oxford,1951,7,22.3,12.1,0,34.2
Oxford,1951,8,19.9,11.7,0,93.7
Oxford,1951,9,18.8,10.7,0,125.1
Oxford,1951,10,13.8,5.0,4,22.9
Oxford,1951,11,11.7,6.2,1,132.1
Oxford,1951,12,9.0,3.0,5,39.8
Oxford,1952,1,6.0,0.3,13,46.4
Oxford,1952,2,6.9,0.3,13,13.3
Oxford,1952,3,10.5,3.9,4,61.1
Oxford,1952,4,15.2,5.4,2,41.2
Oxford,1952,5,19.1,9.5,0,56.6
Oxford,1952,6,20.5,10.5,0,34.0
Oxford,1952,7,23.0,12.9,0,7.5
Oxford,1952,8,21.1,12.6,0,108.5
Oxford,1952,9,15.7,7.2,0,43.0
Oxford,1952,10,12.9,5.6,4,95.5
Oxford,1952,11,7.0,1.3,7,96.8
Oxford,1952,12,6.0,-0.6,16,55.2
Oxford,1953,1,5.4,0.8,13,21.8
Oxford,1953,2,7.3,1.1,11,40.4
Oxford,1953,3,10.8,0.3,17,17.2
Oxford,1953,4,12.5,3.5,1,53.0
Oxford,1953,5,17.9,8.2,0,42.8
Oxford,1953,6,18.7,10.5,0,40.5
Oxford,1953,7,20.4,11.7,0,82.1
Oxford,1953,8,21.7,12.2,0,74.1
Oxford,1953,9,18.6,10.0,0,47.3
Oxford,1953,10,14.0,6.5,0,56.0
Oxford,1953,11,11.3,5.9,0,39.7
Oxford,1953,12,9.5,5.0,0,18.0
Oxford,1954,1,5.6,0.3,16,33.0
Oxford,1954,2,6.5,0.2,10,59.7
Oxford,1954,3,10.1,2.9,4,64.4
Oxford,1954,4,12.8,2.8,5,10.1
Oxford,1954,5,15.9,7.2,0,53.3
Oxford,1954,6,17.9,10.3,0,92.3
Oxford,1954,7,18.6,11.3,0,55.8
Oxford,1954,8,19.2,11.3,0,80.1
Oxford,1954,9,17.6,9.4,0,66.3
Oxford,1954,10,15.8,9.3,1,54.9
Oxford,1954,11,10.9,3.8,5,112.2
Oxford,1954,12,9.6,4.4,3,51.4
Oxford,1955,1,5.4,0.3,13,62.7
Oxford,1955,2,4.5,-1.1,18,36.3
Oxford,1955,3,7.5,-0.4,19,36.5
Oxford,1955,4,14.6,5.6,0,16.6
Oxford,1955,5,14.6,6.0,0,113.5
Oxford,1955,6,19.3,10.1,0,107.4
Oxford,1955,7,23.7,12.6,0,7.4
Oxford,1955,8,24.3,13.6,0,11.5
Oxford,1955,9,19.4,10.0,0,38.3
Oxford,1955,10,13.9,5.4,4,40.1
Oxford,1955,11,10.4,3.7,6,35.4
Oxford,1955,12,9.4,2.2,6,79.1
Oxford,1956,1,6.7,1.0,13,99.5
Oxford,1956,2,2.5,-3.5,21,11.4
Oxford,1956,3,10.8,2.2,8,17.3
Oxford,1956,4,12.2,2.6,2,48.1
Oxford,1956,5,18.2,7.1,0,8.5
Oxford,1956,6,17.9,9.6,0,62.7
Oxford,1956,7,20.9,12.5,0,62.0
Oxford,1956,8,18.4,10.6,0,114.9
Oxford,1956,9,18.4,11.1,0,60.0
Oxford,1956,10,13.6,5.8,0,45.9
Oxford,1956,11,9.1,2.9,4,19.7
Oxford,1956,12,8.2,3.5,10,80.7
Oxford,1957,1,8.6,3.0,4,41.0
Oxford,1957,2,9.1,3.2,6,71.7
Oxford,1957,3,13.6,5.9,1,43.1
Oxford,1957,4,13.5,5.1,1,9.9
Oxford,1957,5,15.4,6.2,0,42.4
Oxford,1957,6,22.2,10.1,0,55.7
Oxford,1957,7,21.5,13.4,0,85.4
Oxford,1957,8,20.4,12.1,0,95.9
Oxford,1957,9,16.9,9.7,0,101.5
Oxford,1957,10,15.4,7.6,0,52.6
Oxford,1957,11,8.8,3.7,3,50.5
Oxford,1957,12,7.4,1.6,10,64.4
Oxford,1958,1,6.6,1.0,11,90.2
Oxford,1958,2,9.0,2.3,8,65.4
Oxford,1958,3,7.8,0.9,14,34.6
Oxford,1958,4,12.1,3.6,6,27.5
Oxford,1958,5,16.4,7.9,0,54.4
Oxford,1958,6,19.1,10.7,0,84.2
Oxford,1958,7,20.8,12.3,0,63.6
Oxford,1958,8,20.2,12.7,0,67.3
Oxford,1958,9,19.3,11.8,0,80.3
Oxford,1958,10,14.4,8.1,0,72.5
Oxford,1958,11,9.3,4.2,1,76.7
Oxford,1958,12,7.4,2.7,4,83.5
Oxford,1959,1,4.9,-0.6,20,94.1
Oxford,1959,2,7.1,1.3,12,2.2
Oxford,1959,3,11.4,4.1,0,86.6
Oxford,1959,4,14.2,6.3,0,52.2
Oxford,1959,5,18.3,7.7,0,25.8
Oxford,1959,6,21.0,10.9,0,25.2
Oxford,1959,7,23.9,12.8,0,64.9
Oxford,1959,8,23.3,13.0,0,44.0
Oxford,1959,9,21.8,9.4,0,5.4
Oxford,1959,10,17.3,7.8,0,49.1
Oxford,1959,11,10.6,3.7,7,44.9
Oxford,1959,12,9.2,3.4,2,124.0
Oxford,1960,1,6.5,1.6,12,82.3
Oxford,1960,2,7.5,1.9,6,50.6
Oxford,1960,3,9.8,3.9,1,24.9
Oxford,1960,4,14.0,4.8,3,16.9
Oxford,1960,5,17.8,8.8,0,61.4
Oxford,1960,6,21.8,11.9,0,111.0
Oxford,1960,7,19.6,11.9,0,110.1
Oxford,1960,8,20.0,11.4,0,50.5
Oxford,1960,9,17.8,9.8,0,104.8
Oxford,1960,10,13.8,7.9,0,138.6
Oxford,1960,11,10.8,4.7,1,106.1
Oxford,1960,12,6.6,2.2,2,107.5
Oxford,1961,1,6.6,1.8,5,86.1
Oxford,1961,2,10.3,4.9,0,53.4
Oxford,1961,3,13.6,3.7,3,4.5
Oxford,1961,4,14.4,7.0,0,75.9
Oxford,1961,5,16.3,7.2,0,28.0
Oxford,1961,6,20.9,10.2,0,33.9
Oxford,1961,7,21.1,11.9,0,54.3
Oxford,1961,8,21.1,12.0,0,59.1
Oxford,1961,9,20.4,11.5,0,56.9
Oxford,1961,10,15.0,7.5,1,67.7
Oxford,1961,11,9.2,3.1,6,36.9
Oxford,1961,12,5.3,-0.3,18,97.8
Oxford,1962,1,7.5,1.6,6,94.7
Oxford,1962,2,7.5,1.6,7,10.3
Oxford,1962,3,7.3,-0.7,17,32.4
Oxford,1962,4,12.0,4.5,0,50.7
Oxford,1962,5,14.8,7.0,0,38.6
Oxford,1962,6,19.8,9.3,0,5.5
Oxford,1962,7,20.2,11.8,0,54.6
Oxford,1962,8,19.4,11.6,0,96.1
Oxford,1962,9,17.0,9.5,0,115.0
Oxford,1962,10,14.8,6.8,1,29.6
Oxford,1962,11,8.3,2.8,7,55.1
Oxford,1962,12,4.2,-1.6,17,50.4
Oxford,1963,1,-0.2,-5.8,28,27.9
Oxford,1963,2,1.7,-3.1,25,10.4
Oxford,1963,3,9.8,3.1,5,75.9
Oxford,1963,4,13.2,5.7,0,50.4
Oxford,1963,5,15.6,6.9,0,43.6
Oxford,1963,6,19.9,11.0,0,65.9
Oxford,1963,7,20.4,11.4,0,48.0
Oxford,1963,8,18.7,11.2,0,81.4
Oxford,1963,9,17.6,9.7,0,58.0
Oxford,1963,10,14.8,8.4,0,44.4
Oxford,1963,11,11.4,6.3,0,115.4
Oxford,1963,12,4.9,0.0,16,18.6
Oxford,1964,1,5.6,1.1,9,13.0
Oxford,1964,2,7.4,2.5,7,22.2
Oxford,1964,3,7.2,2.1,7,92.6
Oxford,1964,4,12.7,5.6,1,59.5
Oxford,1964,5,18.6,9.3,0,44.4
Oxford,1964,6,18.6,10.7,0,49.3
Oxford,1964,7,22.0,12.7,0,21.2
Oxford,1964,8,21.7,11.8,0,14.6
Oxford,1964,9,20.6,9.6,0,15.5
Oxford,1964,10,13.3,4.9,2,17.5
Oxford,1964,11,10.5,5.0,1,25.0
Oxford,1964,12,6.8,0.7,13,43.7
Oxford,1965,1,6.4,1.2,14,56.0
Oxford,1965,2,5.6,0.5,13,5.8
Oxford,1965,3,10.1,1.8,10,44.2
Oxford,1965,4,13.1,4.5,2,49.4
Oxford,1965,5,16.3,8.4,0,63.8
Oxford,1965,6,19.1,10.8,0,53.4
Oxford,1965,7,18.5,11.0,0,90.0
Oxford,1965,8,20.1,11.0,0,61.7
Oxford,1965,9,16.9,9.1,0,75.4
Oxford,1965,10,15.2,7.0,0,12.0
Oxford,1965,11,8.0,1.9,11,51.2
Oxford,1965,12,8.1,2.4,5,95.5
Oxford,1966,1,5.0,0.8,15,30.8
Oxford,1966,2,9.0,4.6,1,74.9
Oxford,1966,3,10.7,3.2,3,9.9
Oxford,1966,4,11.1,5.0,3,81.7
Oxford,1966,5,16.3,7.2,0,54.0
Oxford,1966,6,20.8,11.3,0,56.6
Oxford,1966,7,19.8,11.7,0,80.9
Oxford,1966,8,19.9,11.1,0,78.8
Oxford,1966,9,18.5,10.3,0,52.5
Oxford,1966,10,14.2,7.9,0,122.7
Oxford,1966,11,8.3,2.9,4,28.0
Oxford,1966,12,9.1,3.0,2,80.4
Oxford,1967,1,7.2,2.6,8,35.5
Oxford,1967,2,8.9,2.9,5,64.3
Oxford,1967,3,11.1,4.2,1,30.7
Oxford,1967,4,12.0,4.7,1,40.4
Oxford,1967,5,15.6,7.5,0,85.6
Oxford,1967,6,19.5,9.9,0,49.3
Oxford,1967,7,22.7,13.1,0,76.6
Oxford,1967,8,20.7,12.3,0,44.0
Oxford,1967,9,17.7,10.9,0,59.4
Oxford,1967,10,14.2,8.8,0,121.7
Oxford,1967,11,8.9,3.0,5,29.2
Oxford,1967,12,7.1,2.0,12,63.3
Oxford,1968,1,7.3,2.0,8,57.9
Oxford,1968,2,4.7,-0.1,16,26.8
Oxford,1968,3,10.8,3.6,5,19.5
Oxford,1968,4,13.0,4.4,6,46.1
Oxford,1968,5,14.5,6.7,0,66.2
Oxford,1968,6,19.9,11.4,0,69.2
Oxford,1968,7,19.7,12.0,0,141.6
Oxford,1968,8,19.4,12.3,0,91.7
Oxford,1968,9,18.0,11.1,0,108.3
Oxford,1968,10,15.8,10.6,0,67.7
Oxford,1968,11,8.9,4.6,3,54.5
Oxford,1968,12,5.1,1.1,11,63.6
Oxford,1969,1,8.6,3.6,6,74.9
Oxford,1969,2,4.2,-0.9,16,39.9
Oxford,1969,3,7.3,1.1,8,48.3
Oxford,1969,4,13.1,3.7,5,37.0
Oxford,1969,5,16.4,8.3,0,88.8
Oxford,1969,6,19.9,9.5,0,20.7
Oxford,1969,7,23.2,13.1,0,49.0
Oxford,1969,8,21.3,13.2,0,87.9
Oxford,1969,9,17.7,10.8,0,32.8
Oxford,1969,10,16.7,9.9,0,5.0
Oxford,1969,11,9.0,3.2,5,52.0
Oxford,1969,12,6.0,1.2,9,72.9
Oxford,1970,1,6.6,1.9,10,66.6
Oxford,1970,2,6.6,0.6,11,49.2
Oxford,1970,3,7.6,0.6,12,45.8
Oxford,1970,4,11.3,3.8,3,75.9
Oxford,1970,5,18.8,8.7,0,22.9
Oxford,1970,6,22.4,11.6,0,43.0
Oxford,1970,7,20.4,11.9,0,42.3
Oxford,1970,8,21.0,12.2,0,51.9
Oxford,1970,9,19.4,11.2,0,40.3
Oxford,1970,10,15.0,7.4,0,19.5
Oxford,1970,11,11.4,5.6,1,150.3
Oxford,1970,12,6.7,1.8,13,33.9
Oxford,1971,1,7.2,2.5,7,105.3
Oxford,1971,2,7.9,1.5,8,22.1
Oxford,1971,3,8.7,2.2,8,42.9
Oxford,1971,4,12.0,4.3,1,44.8
Oxford,1971,5,17.3,7.4,0,46.3
Oxford,1971,6,16.7,9.4,0,135.8
Oxford,1971,7,23.2,13.1,0,37.3
Oxford,1971,8,20.3,12.7,0,133.2
Oxford,1971,9,19.5,9.8,0,13.4
Oxford,1971,10,15.8,7.4,0,74.2
Oxford,1971,11,9.8,3.0,7,61.3
Oxford,1971,12,8.7,4.6,3,24.0
Oxford,1972,1,6.4,2.0,6,60.5
Oxford,1972,2,7.0,2.5,1,50.8
Oxford,1972,3,11.8,2.8,4,63.2
Oxford,1972,4,12.2,5.4,0,45.8
Oxford,1972,5,15.1,7.4,0,49.8
Oxford,1972,6,16.6,8.8,0,55.8
Oxford,1972,7,21.0,11.8,0,23.3
Oxford,1972,8,20.7,11.6,0,29.8
Oxford,1972,9,16.5,8.3,0,31.0
Oxford,1972,10,14.8,7.4,0,25.9
Oxford,1972,11,9.5,3.8,7,65.8
Oxford,1972,12,8.7,3.5,2,74.0
Oxford,1973,1,6.8,2.1,10,24.4
Oxford,1973,2,7.7,1.3,11,15.0
Oxford,1973,3,11.0,2.1,4,10.8
Oxford,1973,4,12.1,4.2,2,42.4
Oxford,1973,5,16.2,8.1,0,71.2
Oxford,1973,6,20.9,10.9,0,109.3
Oxford,1973,7,20.8,12.2,0,60.0
Oxford,1973,8,22.5,12.8,0,28.8
Oxford,1973,9,19.7,11.0,0,32.7
Oxford,1973,10,12.8,5.5,1,40.8
Oxford,1973,11,9.8,3.2,10,28.3
Oxford,1973,12,8.3,2.3,8,30.9
Oxford,1974,1,9.3,3.6,3,65.0
Oxford,1974,2,8.7,3.1,4,77.7
Oxford,1974,3,9.3,2.4,6,36.7
Oxford,1974,4,13.0,3.8,0,4.2
Oxford,1974,5,16.1,6.8,0,31.6
Oxford,1974,6,19.1,10.1,0,78.7
Oxford,1974,7,20.1,12.2,0,41.7
Oxford,1974,8,20.6,11.3,0,97.2
Oxford,1974,9,16.5,9.1,0,156.1
Oxford,1974,10,11.0,4.9,1,66.4
Oxford,1974,11,10.1,5.0,0,95.1
Oxford,1974,12,10.6,5.9,0,33.4
Oxford,1975,1,9.8,4.6,1,69.4
Oxford,1975,2,7.9,1.8,4,29.7
Oxford,1975,3,7.8,2.5,6,95.2
Oxford,1975,4,12.8,5.3,4,46.9
Oxford,1975,5,14.3,6.4,0,49.0
Oxford,1975,6,21.5,9.4,0,18.0
Oxford,1975,7,23.8,13.4,0,34.1
Oxford,1975,8,25.1,14.1,0,30.2
Oxford,1975,9,18.7,9.9,0,95.3
Oxford,1975,10,14.2,6.5,1,11.0
Oxford,1975,11,9.8,2.5,7,37.9
Oxford,1975,12,7.5,1.7,10,21.7
Oxford,1976,1,8.5,3.4,8,18.9
Oxford,1976,2,7.5,2.3,8,18.8
Oxford,1976,3,9.0,1.7,11,16.0
Oxford,1976,4,12.9,4.1,4,8.1
Oxford,1976,5,17.8,8.3,0,44.2
Oxford,1976,6,24.4,12.6,0,17.1
Oxford,1976,7,25.9,13.2,0,14.3
Oxford,1976,8,24.4,11.4,0,23.9
Oxford,1976,9,18.1,10.5,0,90.7
Oxford,1976,10,14.1,8.3,0,99.5
Oxford,1976,11,9.2,3.4,5,55.9
Oxford,1976,12,4.6,-0.4,13,101.8
Oxford,1977,1,5.4,0.7,11,75.9
Oxford,1977,2,8.9,3.3,4,114.4
Oxford,1977,3,10.5,4.3,4,59.8
Oxford,1977,4,11.6,3.8,4,40.7
Oxford,1977,5,15.7,6.1,0,43.1
Oxford,1977,6,16.7,8.5,0,86.9
Oxford,1977,7,21.0,12.0,0,5.8
Oxford,1977,8,19.7,12.2,0,129.0
Oxford,1977,9,17.5,10.4,0,7.8
Oxford,1977,10,15.4,8.3,0,32.8
Oxford,1977,11,9.6,3.8,7,46.6
Oxford,1977,12,8.9,3.9,2,67.8
Oxford,1978,1,6.2,0.7,11,68.2
Oxford,1978,2,5.5,0.4,15,45.6
Oxford,1978,3,10.8,3.3,3,52.3
Oxford,1978,4,10.2,3.3,5,45.2
Oxford,1978,5,17.0,7.1,0,48.5
Oxford,1978,6,19.1,9.6,0,39.9
Oxford,1978,7,20.0,11.5,0,82.4
Oxford,1978,8,20.2,11.4,0,32.6
Oxford,1978,9,19.1,10.6,0,24.4
Oxford,1978,10,16.2,8.1,0,5.4
Oxford,1978,11,11.6,5.5,5,22.8
Oxford,1978,12,7.1,2.2,12,109.5
Oxford,1979,1,3.2,-3.1,23,56.8
Oxford,1979,2,3.8,-0.9,18,56.2
Oxford,1979,3,8.4,2.1,2,110.3
Oxford,1979,4,12.3,4.8,3,38.9
Oxford,1979,5,15.2,6.8,2,124.8
Oxford,1979,6,19.0,10.7,0,43.6
Oxford,1979,7,22.5,13.0,0,16.6
Oxford,1979,8,20.3,11.7,0,60.8
Oxford,1979,9,18.6,9.6,0,17.0
Oxford,1979,10,15.5,8.0,0,59.8
Oxford,1979,11,10.5,3.9,4,39.4
Oxford,1979,12,8.9,3.8,3,127.7
Oxford,1980,1,5.3,-0.3,15,36.7
Oxford,1980,2,9.5,3.2,5,39.8
Oxford,1980,3,8.5,2.3,7,69.8
Oxford,1980,4,13.7,4.9,0,14.1
Oxford,1980,5,16.6,6.3,1,35.5
Oxford,1980,6,19.0,10.7,0,89.4
Oxford,1980,7,19.7,11.2,0,59.5
Oxford,1980,8,21.2,12.8,0,63.6
Oxford,1980,9,19.2,12.2,0,65.6
Oxford,1980,10,13.0,6.0,0,84.9
Oxford,1980,11,9.1,4.4,3,42.5
Oxford,1980,12,8.5,2.9,7,32.9
Oxford,1981,1,7.3,2.4,8,39.2
Oxford,1981,2,6.2,0.2,15,20.9
Oxford,1981,3,11.1,6.4,0,129.7
Oxford,1981,4,12.0,4.4,2,43.9
Oxford,1981,5,15.7,8.2,0,87.7
Oxford,1981,6,18.1,10.4,0,26.1
Oxford,1981,7,21.3,12.3,0,34.0
Oxford,1981,8,22.2,12.7,0,38.8
Oxford,1981,9,19.8,11.0,0,92.5
Oxford,1981,10,12.3,5.7,1,64.7
Oxford,1981,11,10.8,4.9,2,31.4
Oxford,1981,12,3.6,-2.0,18,74.0
Oxford,1982,1,5.5,-0.1,13,57.2
Oxford,1982,2,7.9,2.7,5,32.0
Oxford,1982,3,10.3,2.9,2,96.2
Oxford,1982,4,13.8,4.9,0,27.4
Oxford,1982,5,17.5,7.2,1,35.9
Oxford,1982,6,21.3,12.7,0,69.4
Oxford,1982,7,22.0,12.8,0,23.5
Oxford,1982,8,21.2,12.9,0,37.9
Oxford,1982,9,20.1,10.6,0,51.9
Oxford,1982,10,13.6,7.8,0,83.4
Oxford,1982,11,10.8,6.1,4,77.3
Oxford,1982,12,7.7,1.9,9,62.4
Oxford,1983,1,9.8,4.7,2,45.7
Oxford,1983,2,4.8,-0.7,17,23.8
Oxford,1983,3,10.3,3.3,4,42.5
Oxford,1983,4,11.8,3.7,2,89.5
Oxford,1983,5,14.8,7.8,0,106.3
Oxford,1983,6,19.6,11.0,0,19.4
Oxford,1983,7,26.8,15.4,0,21.7
Oxford,1983,8,23.5,13.3,0,24.0
Oxford,1983,9,18.0,11.1,0,59.4
Oxford,1983,10,14.3,7.7,1,53.0
Oxford,1983,11,10.4,5.2,6,42.6
Oxford,1983,12,8.7,3.2,8,49.8
Oxford,1984,1,7.5,1.5,7,81.5
Oxford,1984,2,6.4,1.0,7,35.4
Oxford,1984,3,8.2,2.4,1,50.3
Oxford,1984,4,13.9,3.4,5,1.6
Oxford,1984,5,14.5,6.0,0,72.0
Oxford,1984,6,20.8,10.8,0,30.0
Oxford,1984,7,23.9,12.2,0,13.6
Oxford,1984,8,23.6,13.6,0,32.7
Oxford,1984,9,17.9,11.2,0,91.1
Oxford,1984,10,15.0,8.6,1,54.4
Oxford,1984,11,11.3,6.0,0,101.6
Oxford,1984,12,8.3,2.7,8,44.5
Oxford,1985,1,3.9,-1.9,22,44.4
Oxford,1985,2,5.5,-0.8,15,34.7
Oxford,1985,3,8.9,1.4,10,36.7
Oxford,1985,4,13.1,5.1,3,32.7
Oxford,1985,5,15.7,7.3,0,80.5
Oxford,1985,6,17.5,9.0,0,122.5
Oxford,1985,7,21.6,12.7,0,45.8
Oxford,1985,8,19.0,12.1,0,67.0
Oxford,1985,9,19.4,11.2,0,19.4
Oxford,1985,10,14.5,7.9,0,29.1
Oxford,1985,11,7.4,1.7,10,41.1
Oxford,1985,12,9.4,5.1,5,108.1
Oxford,1986,1,6.7,1.1,9,67.3
Oxford,1986,2,1.0,-4.1,24,7.3
Oxford,1986,3,9.2,2.1,4,58.0
Oxford,1986,4,10.2,3.1,2,70.4
Oxford,1986,5,15.7,8.0,0,70.7
Oxford,1986,6,20.6,10.5,0,22.3
Oxford,1986,7,21.5,12.8,0,37.1
Oxford,1986,8,18.4,11.0,0,114.3
Oxford,1986,9,16.6,7.5,0,39.0
Oxford,1986,10,15.3,7.8,0,75.1
Oxford,1986,11,11.4,5.4,0,78.4
Oxford,1986,12,9.2,3.8,1,64.2
Oxford,1987,1,3.0,-1.4,20,9.9
Oxford,1987,2,7.1,1.0,13,34.0
Oxford,1987,3,8.2,1.5,13,53.9
Oxford,1987,4,15.2,6.6,0,51.4
Oxford,1987,5,15.2,6.5,0,48.7
Oxford,1987,6,17.8,10.4,0,86.0
Oxford,1987,7,21.2,12.7,0,29.3
Oxford,1987,8,21.0,12.5,0,34.0
Oxford,1987,9,18.6,10.9,0,25.4
Oxford,1987,10,14.0,6.7,1,138.8
Oxford,1987,11,9.0,4.3,2,58.2
Oxford,1987,12,8.0,3.7,7,26.0
Oxford,1988,1,8.1,3.3,4,100.0
Oxford,1988,2,8.1,2.3,5,33.8
Oxford,1988,3,10.2,3.8,4,59.1
Oxford,1988,4,12.6,4.6,3,30.2
Oxford,1988,5,17.1,7.8,0,32.0
Oxford,1988,6,18.7,10.3,0,59.6
Oxford,1988,7,18.9,11.6,0,96.5
Oxford,1988,8,20.4,11.9,0,38.8
Oxford,1988,9,17.9,10.4,0,39.6
Oxford,1988,10,14.5,8.0,2,38.6
Oxford,1988,11,9.1,1.6,15,29.5
Oxford,1988,12,10.1,5.4,0,13.4
Oxford,1989,1,9.1,3.6,5,33.4
Oxford,1989,2,9.9,3.0,4,55.1
Oxford,1989,3,12.0,4.6,1,47.0
Oxford,1989,4,11.0,3.6,1,63.8
Oxford,1989,5,19.7,8.6,0,29.2
Oxford,1989,6,20.8,10.5,0,45.9
Oxford,1989,7,24.9,14.0,0,29.4
Oxford,1989,8,23.4,12.4,0,43.3
Oxford,1989,9,19.9,11.9,0,23.8
Oxford,1989,10,15.9,8.9,0,53.9
Oxford,1989,11,9.8,3.2,7,32.5
Oxford,1989,12,8.2,3.3,4,141.5
Oxford,1990,1,10.0,4.5,1,75.0
Oxford,1990,2,11.3,5.3,0,94.2
Oxford,1990,3,12.7,5.0,2,18.4
Oxford,1990,4,13.7,3.3,5,20.4
Oxford,1990,5,19.2,7.8,0,8.7
Oxford,1990,6,18.2,10.7,0,48.8
Oxford,1990,7,23.8,12.2,0,17.7
Oxford,1990,8,24.7,14.0,0,26.5
Oxford,1990,9,18.7,9.4,0,41.1
Oxford,1990,10,15.8,9.3,0,45.9
Oxford,1990,11,9.8,4.3,1,20.0
Oxford,1990,12,6.9,1.7,10,56.3
Oxford,1991,1,6.4,1.2,8,60.9
Oxford,1991,2,4.7,-1.6,18,20.5
Oxford,1991,3,11.5,5.1,2,46.1
Oxford,1991,4,12.2,4.6,1,56.3
Oxford,1991,5,15.3,7.4,0,8.6
Oxford,1991,6,16.8,9.0,0,74.8
Oxford,1991,7,22.2,13.7,0,92.8
Oxford,1991,8,23.2,13.3,0,11.6
Oxford,1991,9,20.2,10.6,0,42.9
Oxford,1991,10,13.4,7.3,0,34.2
Oxford,1991,11,9.9,4.5,2,62.2
Oxford,1991,12,7.0,1.6,11,15.9
Oxford,1992,1,5.9,1.5,12,30.4
Oxford,1992,2,8.9,2.1,8,22.0
Oxford,1992,3,11.0,4.8,1,47.7
Oxford,1992,4,13.2,5.6,2,57.7
Oxford,1992,5,19.7,9.1,0,62.2
Oxford,1992,6,21.4,11.7,0,43.4
Oxford,1992,7,21.1,13.5,0,70.1
Oxford,1992,8,20.3,12.8,0,108.9
Oxford,1992,9,17.6,10.8,0,106.9
Oxford,1992,10,11.2,5.2,2,75.7
Oxford,1992,11,10.9,4.7,0,119.9
Oxford,1992,12,6.4,1.3,11,50.7
Oxford,1993,1,9.6,3.5,5,82.4
Oxford,1993,2,7.1,2.4,4,7.1
Oxford,1993,3,11.0,3.9,3,32.7
Oxford,1993,4,13.2,6.6,0,69.2
Oxford,1993,5,16.6,8.0,0,56.6
Oxford,1993,6,20.7,11.5,0,40.1
Oxford,1993,7,20.8,12.3,0,51.3
Oxford,1993,8,20.5,11.1,0,26.7
Oxford,1993,9,16.7,9.3,0,96.1
Oxford,1993,10,11.9,6.0,3,112.4
Oxford,1993,11,8.0,2.6,8,51.0
Oxford,1993,12,8.7,3.4,4,98.0
Oxford,1994,1,8.5,3.3,2,82.2
Oxford,1994,2,6.7,1.3,8,62.4
Oxford,1994,3,11.7,5.3,0,41.9
Oxford,1994,4,12.5,5.1,0,52.0
Oxford,1994,5,15.3,7.6,0,84.5
Oxford,1994,6,20.6,11.0,0,13.5
Oxford,1994,7,24.8,13.8,0,54.2
Oxford,1994,8,21.1,13.0,0,52.5
Oxford,1994,9,16.6,10.4,0,62.6
Oxford,1994,10,14.1,6.9,0,67.4
Oxford,1994,11,12.7,8.4,0,55.7
Oxford,1994,12,9.6,3.9,5,74.6
Oxford,1995,1,8.5,2.2,7,116.3
Oxford,1995,2,10.4,4.4,1,66.0
Oxford,1995,3,10.5,2.0,6,49.3
Oxford,1995,4,14.3,5.4,3,18.9
Oxford,1995,5,17.8,7.8,0,54.1
Oxford,1995,6,20.0,10.4,0,6.6
Oxford,1995,7,25.1,13.9,0,37.8
Oxford,1995,8,26.4,13.9,0,4.4
Oxford,1995,9,18.3,10.3,0,98.8
Oxford,1995,10,17.3,10.3,0,33.2
Oxford,1995,11,11.3,5.2,5,98.2
Oxford,1995,12,4.6,0.2,15,99.8
Oxford,1996,1,6.6,3.1,7,35.5
Oxford,1996,2,6.2,-0.1,17,60.8
Oxford,1996,3,8.4,1.8,9,27.1
Oxford,1996,4,13.8,4.8,5,49.3
Oxford,1996,5,14.1,5.6,1,35.7
Oxford,1996,6,21.2,10.2,0,23.7
Oxford,1996,7,23.3,12.7,0,25.5
Oxford,1996,8,22.4,12.5,0,53.1
Oxford,1996,9,18.4,10.3,0,16.1
Oxford,1996,10,15.8,8.6,0,33.0
Oxford,1996,11,9.6,2.9,10,81.6
Oxford,1996,12,5.5,0.9,13,16.2
Oxford,1997,1,5.1,-0.2,16,11.9
Oxford,1997,2,10.4,4.2,3,76.5
Oxford,1997,3,13.3,5.5,0,7.2
Oxford,1997,4,14.5,4.9,2,17.5
Oxford,1997,5,17.4,7.4,1,61.2
Oxford,1997,6,18.9,11.3,0,66.7
Oxford,1997,7,22.8,12.9,0,25.4
Oxford,1997,8,24.9,15.7,0,104.2
Oxford,1997,9,19.7,10.7,0,18.5
Oxford,1997,10,14.9,6.6,6,57.2
Oxford,1997,11,11.7,6.1,1,94.6
Oxford,1997,12,9.0,3.6,6,58.7
Oxford,1998,1,8.3,2.9,9,60.0
Oxford,1998,2,11.5,4.1,4,8.7
Oxford,1998,3,11.8,5.4,1,57.4
Oxford,1998,4,11.9,5.1,1,107.7
Oxford,1998,5,18.7,9.1,0,20.9
Oxford,1998,6,19.1,11.5,0,75.9
Oxford,1998,7,21.0,12.4,0,29.5
Oxford,1998,8,22.4,11.9,0,26.8
Oxford,1998,9,19.6,11.8,0,119.4
Oxford,1998,10,14.4,8.2,0,116.4
Oxford,1998,11,9.3,2.2,7,69.9
Oxford,1998,12,9.4,3.2,8,72.7
Oxford,1999,1,9.0,3.4,4,91.9
Oxford,1999,2,8.6,2.9,5,32.9
Oxford,1999,3,11.6,4.8,1,28.8
Oxford,1999,4,14.3,6.1,2,57.6
Oxford,1999,5,18.2,9.7,0,50.9
Oxford,1999,6,19.7,10.1,0,65.3
Oxford,1999,7,24.2,13.3,0,7.2
Oxford,1999,8,21.6,12.9,0,98.3
Oxford,1999,9,20.8,12.4,0,102.1
Oxford,1999,10,15.1,7.1,0,70.8
Oxford,1999,11,10.8,5.3,0,41.1
Oxford,1999,12,8.3,1.7,9,89.8
Oxford,2000,1,8.1,2.0,9,19.8
Oxford,2000,2,10.2,3.8,3,78.3
Oxford,2000,3,11.7,4.2,2,11.9
Oxford,2000,4,12.4,4.8,2,137.2
Oxford,2000,5,17.2,8.6,0,67.7
Oxford,2000,6,20.5,12.2,0,19.4
Oxford,2000,7,20.8,12.3,0,28.5
Oxford,2000,8,22.7,13.3,0,58.3
Oxford,2000,9,19.2,12.1,0,87.2
Oxford,2000,10,14.3,8.2,0,119.5
Oxford,2000,11,10.6,4.8,0,99.1
Oxford,2000,12,8.6,4.2,7,99.8
Oxford,2001,1,6.4,1.2,13,57.4
Oxford,2001,2,8.8,2.0,10,68.6
Oxford,2001,3,9.0,3.1,5,75.1
Oxford,2001,4,12.9,4.8,0,72.7
Oxford,2001,5,18.5,7.9,0,35.5
Oxford,2001,6,20.7,10.6,0,23.1
Oxford,2001,7,23.4,13.4,0,57.2
Oxford,2001,8,22.7,12.9,0,92.0
Oxford,2001,9,17.9,10.5,0,35.0
Oxford,2001,10,17.0,11.1,0,92.4
Oxford,2001,11,11.2,3.9,5,38.5
Oxford,2001,12,6.8,0.2,17,29.5
Oxford,2002,1,9.2,3.4,5,57.4
Oxford,2002,2,11.1,4.4,3,70.9
Oxford,2002,3,12.4,4.6,3,33.0
Oxford,2002,4,15.2,5.2,0,43.0
Oxford,2002,5,16.8,8.4,0,58.3
Oxford,2002,6,20.0,10.3,0,42.4
Oxford,2002,7,22.1,12.0,0,89.6
Oxford,2002,8,22.8,12.9,0,53.2
Oxford,2002,9,19.7,10.0,0,24.8
Oxford,2002,10,14.8,7.1,1,109.4
Oxford,2002,11,11.8,6.4,0,133.4
Oxford,2002,12,8.9,4.1,4,98.1
Oxford,2003,1,7.6,1.8,11,81.4
Oxford,2003,2,8.4,0.6,15,17.3
Oxford,2003,3,13.3,2.7,8,25.2
Oxford,2003,4,15.3,4.6,5,36.8
Oxford,2003,5,17.5,8.1,0,48.1
Oxford,2003,6,22.4,11.8,0,55.5
Oxford,2003,7,23.7,13.4,0,53.8
Oxford,2003,8,25.5,13.5,0,3.0
Oxford,2003,9,21.3,8.1,0,17.4
Oxford,2003,10,14.0,3.9,5,31.7
Oxford,2003,11,12.0,5.7,1,89.6
Oxford,2003,12,8.7,1.8,10,70.7
Oxford,2004,1,8.8,2.7,9,66.1
Oxford,2004,2,8.7,2.9,11,25.5
Oxford,2004,3,10.9,3.4,2,51.8
Oxford,2004,4,14.7,6.2,0,68.8
Oxford,2004,5,18.0,8.6,0,41.1
Oxford,2004,6,21.8,12.0,0,23.8
Oxford,2004,7,22.0,12.2,0,83.1
Oxford,2004,8,23.4,14.2,0,135.0
Oxford,2004,9,20.1,11.7,0,28.9
Oxford,2004,10,14.7,8.6,0,131.4
Oxford,2004,11,10.9,5.8,1,34.2
Oxford,2004,12,8.6,2.8,6,37.7
Oxford,2005,1,9.4,3.8,2,18.2
Oxford,2005,2,7.3,2.1,10,20.0
Oxford,2005,3,11.2,4.7,6,44.5
Oxford,2005,4,14.3,5.7,1,50.2
Oxford,2005,5,17.2,7.6,0,31.5
Oxford,2005,6,21.6,12.0,0,93.4
Oxford,2005,7,22.3,13.4,0,34.9
Oxford,2005,8,23.1,12.2,0,31.3
Oxford,2005,9,20.9,11.9,0,38.5
Oxford,2005,10,17.1,10.9,0,53.4
Oxford,2005,11,9.9,3.1,11,38.6
Oxford,2005,12,7.7,1.8,11,50.2
Oxford,2006,1,7.2,2.2,8,16.6
Oxford,2006,2,6.6,0.8,12,33.0
Oxford,2006,3,9.2,2.0,10,59.3
Oxford,2006,4,13.9,5.4,2,36.3
Oxford,2006,5,17.6,9.0,0,104.7
Oxford,2006,6,23.1,11.7,0,5.3
Oxford,2006,7,27.1,14.9,0,87.3
Oxford,2006,8,21.8,13.1,0,58.7
Oxford,2006,9,22.1,13.5,0,90.8
Oxford,2006,10,17.2,10.6,0,118.0
Oxford,2006,11,12.1,5.1,4,86.4
Oxford,2006,12,9.4,4.3,6,68.7
Oxford,2007,1,10.4,4.8,4,73.3
Oxford,2007,2,9.7,3.7,7,81.0
Oxford,2007,3,12.0,3.7,2,36.9
Oxford,2007,4,17.8,5.6,0,1.8
Oxford,2007,5,17.5,7.1,0,135.2
Oxford,2007,6,20.5,11.3,0,78.8
Oxford,2007,7,20.6,12.2,0,105.5
Oxford,2007,8,21.7,12.0,0,38.2
Oxford,2007,9,19.2,10.3,0,17.7
Oxford,2007,10,15.1,7.9,0,68.9
Oxford,2007,11,11.3,4.3,4,56.0
Oxford,2007,12,8.3,2.4,11,60.6
Oxford,2008,1,10.3,4.7,0,81.6
Oxford,2008,2,10.5,1.7,11,16.9
Oxford,2008,3,10.6,3.5,2,90.3
Oxford,2008,4,13.1,4.7,3,46.9
Oxford,2008,5,18.7,9.5,0,106.6
Oxford,2008,6,20.1,11.1,0,67.3
Oxford,2008,7,22.0,12.8,0,90.0
Oxford,2008,8,20.8,13.9,0,77.0
Oxford,2008,9,17.8,10.2,0,73.5
Oxford,2008,10,14.6,5.7,1,39.3
Oxford,2008,11,10.1,4.8,3,94.2
Oxford,2008,12,6.9,1.3,11,37.3
Oxford,2009,1,6.3,0.2,16,47.8
Oxford,2009,2,7.9,2.0,10,54.5
Oxford,2009,3,12.4,3.2,3,20.2
Oxford,2009,4,15.6,6.1,0,36.0
Oxford,2009,5,18.2,8.3,0,44.8
Oxford,2009,6,22.0,10.7,0,49.3
Oxford,2009,7,22.4,13.1,0,72.8
Oxford,2009,8,22.7,13.3,0,46.6
Oxford,2009,9,20.2,10.6,0,9.0
Oxford,2009,10,16.2,8.4,0,44.4
Oxford,2009,11,12.5,7.0,0,105.2
Oxford,2009,12,6.8,0.8,12,89.9
Oxford,2010,1,4.7,-1.0,17,56.4
Oxford,2010,2,7.1,1.3,7,79.8
Oxford,2010,3,11.3,3.2,8,47.6
Oxford,2010,4,15.8,4.9,0,25.5
Oxford,2010,5,17.6,7.3,0,28.6
Oxford,2010,6,23.0,11.1,0,34.5
Oxford,2010,7,23.9,14.2,0,17.9
Oxford,2010,8,21.4,12.1,0,146.2
Oxford,2010,9,18.8,10.3,0,52.5
Oxford,2010,10,14.5,7.4,2,43.4
Oxford,2010,11,8.2,2.9,10,38.6
Oxford,2010,12,2.7,-2.2,25,32.7
Oxford,2011,1,7,1.9,12,58.8
Oxford,2011,2,10.4,4.4,1,49.3
Oxford,2011,3,12.4,3.2,5,9.3
Oxford,2011,4.0,19.4,7.3,0.0,0.5
Oxford,2011,5,19,8,0,42.5
Oxford,2011,6,19.3,10.2,0,54.1
Oxford,2011,7,21.4,10.2,0,43.1
Oxford,2011,8,20.7,11.4,0,65.6
Oxford,2011,9,20.7,10.7,0,31.8
Oxford,2011,10,17.2,9.5,0,26.3
Oxford,2011,11,13.5,6.3,1,28.4
Oxford,2011,12,9.3,3.1,4,71.2
Oxford,2012,1,9.8,3.6,6,34.6
Oxford,2012,2,7.3,1.2,12,21.3
Oxford,2012,3,14,3.6,2,24.3
Oxford,2012,4,12.6,4.6,2,143
Oxford,2012,5,17.7,9.7,0,55.5
Oxford,2012,6,18.9,11.6,0,151.7
Oxford,2012,7,20.5,12.6,0,100
Oxford,2012,8,21.8,13.7,0,85.8
Oxford,2012,9,18.4,9.2,0,57.6
Oxford,2012,10,13.4,7.1,0,124.2
Oxford,2012,11,10.1,4.2,1,83.3
Oxford,2012,12,8.6,2.6,9,103.3
Oxford,2013,1,6.4,1.9,14,58.5
Oxford,2013,2,6.2,0.9,5,47.4
Oxford,2013,3,6.3,0.2,16,76.6
Oxford,2013,4,12.9,3.9,6,24.8
Oxford,2013,5,15.9,6.7,0,66.2
Oxford,2013,6,19.3,10.2,0,17.3
Oxford,2013,7,25.5,13.9,0,45.7
Oxford,2013,8,23.1,13.1,0,19.3
Oxford,2013,9,19,9.9,0,40.6
Oxford,2013,10,16.3,9.9,0,86.5
Oxford,2013,11,9.9,3.8,2,55.2
Oxford,2013,12,10,3.6,0,97.7
Oxford,2014,1,9.3,3.5,3,146.9
Oxford,2014,2,9.7,4.2,0,90.1
Oxford,2014,3,12.8,3.5,2,39.2
Oxford,2014,4,15,6.4,0,50.2
Oxford,2014,5,17.1,8.9,0,90.3
Oxford,2014,6,21.5,11.8,0,36.9
Oxford,2014,7,24.9,13.5,0,45.5
Oxford,2014,8,20.8,11.7,0,85.6
Oxford,2014,9,21.1,11.4,0,4.1
Oxford,2014,10,16.8,9.9,0,65.6
Oxford,2014,11,11.5,5.7,2,98.6
Oxford,2014,12,8.7,2.4,9,44
Oxford,2015,1,8.4,1.6,10,53.6
Oxford,2015,2,7.5,1,10,46.2
Oxford,2015,3,11.4,3.3,1,25.6
Oxford,2015,4,15.9,4.5,0,22.5
Oxford,2015,5,16.8,7.7,0,55.6
Oxford,2015,6,21.1,10.2,0,28.9
Oxford,2015,7,22.6,12.5,0,47.8
Oxford,2015,8,21.3,13,0,57.2
Oxford,2015,9,18.4,8.9,0,36.8
Oxford,2015,10,15.1,7.9,0,45
Oxford,2015,11,13.1,7.3,2,65.3
Oxford,2015,12,13.4,8.3,0,62.9
Oxford,2016,1,9.4,3,5,83.9
Oxford,2016,2,9.1,2.7,6,47.6
Oxford,2016,3,10.2,2.2,4,74.2
Oxford,2016,4,12.9,4,1,53.1
Oxford,2016,5,18.4,8.7,0,86.1
Oxford,2016,6,20,11.9,0,95.7
Oxford,2016,7,23.3,13.8,0,3.4
Oxford,2016,8,23.5,13.6,0,41.2
Oxford,2016,9,20.9,13,0,44.6
Oxford,2016,10,15.1,7.3,0,26.5
Oxford,2016,11,9.4,3.3,3,76.1
Oxford,2016,12,9.6,3,10,25.8
Oxford,2017,1,7.3,0.8,16,62.8
Oxford,2017,2,9.5,4,1,42.8
Oxford,2017,3,13.7,5.8,0,43.1
Oxford,2017,4,15.1,4.7,0,5.4
Oxford,2017,5,19,9.4,0,63.6
Oxford,2017,6,22.7,12.9,0,29.7
Oxford,2017,7,23.3,13.9,0,62.3
Oxford,2017,8,21.4,12.6,0,62.8
Oxford,2017,9,18.5,10.4,0,64.6
Oxford,2017,10,16.1,9.7,0,17.1
Oxford,2017,11,10.7,3.8,3,48.4
Oxford,2017,12,8.3,2.6,10,74.2
Oxford,2018,1,8.9,3,4,59.1
Oxford,2018,2,6.4,0.3,14,24.1
Oxford,2018,3,9.1,2.5,6,87.4
Oxford,2018,4,14.2,7.5,0,52.8
Oxford,2018,5,19.9,8.6,0,80.8
Oxford,2018,6,22.8,11.6,0,2.5
Oxford,2018,7,27.4,14.2,0,23.2
Oxford,2018,8,23.4,13.2,0,43.2
Oxford,2018,9,20.4,10,0,30.3
Oxford,2018,10,15.6,7.3,2,50.1
Oxford,2018,11,11.7,5.5,2,61.9
Oxford,2018,12,10.2,4.7,3,71.8
Oxford,2019,1,7.2,1,16,28.6
Oxford,2019,2,11.8,2.3,8,36
Oxford,2019,3,12.7,5.1,0,37.7
Oxford,2019,4,15.1,4.3,5,21.7
Oxford,2019,5,18,7.2,0,21.3
Oxford,2019,6,20.4,10.7,0,99.5
Oxford,2019,7,24.5,13.7,0,42.9
Oxford,2019,8,23.9,13.2,0,46.9
Oxford,2019,9,20.6,10.4,0,77.9
Oxford,2019,10,14.5,7.3,0,119.9
Oxford,2019,11,9.6,4.1,3,105.6
Oxford,2019,12,9.4,3.6,5,88.1
Oxford,2020,1,9.6,4.5,3,50
Oxford,2020,2,10.5,3.6,3,94.6
Oxford,2020,3,11.4,3,4,39.9
Oxford,2020,4,17.8,5.4,1,42.9
Oxford,2020,5,20.4,7.6,1,3.5
Oxford,2020,6,21.6,11.6,0,67.1
Oxford,2020,7,22.5,12.7,0,55.2
Oxford,2020,8,23.5,14.5,0,113.7
Oxford,2020,9,20,10.2,0,26.6
Oxford,2020,10,14.2,8.3,0,185.3
Oxford,2020,11,11.9,6,5,35.4
Oxford,2020,12,8,3.1,7,99.4
Oxford,2021,1,6.6,1.3,13,114.6
Oxford,2021,2,8.9,2.6,8,55.2
Oxford,2021,3,11.6,3.9,1,29.5
Oxford,2021,4,12.5,1.6,8,27.1
Oxford,2021,5,15.7,6.6,0,94.5
Oxford,2021,6,21.4,12.2,0,68.4
Oxford,2021,7,23.7,14.2,0,67.7
Oxford,2021,8,21,13,0,34.8
Oxford,2021,9,21.6,12.1,0,43.6
Oxford,2021,10,16.2,9.7,0,92.2
Oxford,2021,11,10.9,4.3,4,18.2
Oxford,2021,12,9.8,4.9,2,67.1
Oxford,2022,1,8.5,1.6,13,19.1
Oxford,2022,2,11.1,4.1,0,58.5
Oxford,2022,3,13,4.1,1,40.3
Oxford,2022,4,15.2,4.8,3,13.8
Oxford,2022,5,19.1,9.7,0,40.2
Oxford,2022,6,21.6,11,0,42.1
Oxford,2022,7,25.7,14,0,5.1
Oxford,2022,8,26.7,14.2,0,4.3
Oxford,2022,9,20.7,11.2,0,42.7
Tiree,1931,1,7.5,3.4,1,140.4
Tiree,1931,2,7.0,2.4,3,117.3
Tiree,1931,3,6.9,2.7,4,36.9
Tiree,1931,4,9.3,4.7,1,58.0
Tiree,1931,5,12.5,7.6,0,87.5
Tiree,1931,6,13.3,9.2,0,99.0
Tiree,1931,7,15.0,10.8,0,91.1
Tiree,1931,8,15.6,10.6,0,26.3
Tiree,1931,9,13.6,9.6,0,58.3
Tiree,1931,10,11.7,7.1,0,99.7
Tiree,1931,11,10.4,6.1,0,167.2
Tiree,1931,12,9.6,5.9,1,87.7
Tiree,1932,1,9.4,5.3,0,143.4
Tiree,1932,2,8.3,3.1,4,6.5
Tiree,1932,3,8.4,2.5,7,67.2
Tiree,1932,4,9.0,3.8,0,86.7
Tiree,1932,5,12.3,7.1,0,30.4
Tiree,1932,6,15.8,10.3,0,48.2
Tiree,1932,7,15.7,11.6,0,110.3
Tiree,1932,8,16.3,11.4,0,88.5
Tiree,1932,9,13.7,9.9,0,92.5
Tiree,1932,10,11.3,6.3,0,130.3
Tiree,1932,11,9.6,5.2,0,127.2
Tiree,1932,12,8.3,4.1,3,111.6
Tiree,1933,1,6.6,2.5,5,107.6
Tiree,1933,2,7.1,3.1,2,90.4
Tiree,1933,3,9.2,4.4,0,66.6
Tiree,1933,4,10.7,5.9,0,80.7
Tiree,1933,5,12.8,7.8,0,60.6
Tiree,1933,6,15.6,10.8,0,53.6
Tiree,1933,7,17.2,12.4,0,113.4
Tiree,1933,8,16.6,11.7,0,154.1
Tiree,1933,9,16.4,10.5,0,34.7
Tiree,1933,10,12.7,8.7,0,150.5
Tiree,1933,11,9.1,4.7,0,91.8
Tiree,1933,12,7.3,3.1,4,64.5
Tiree,1934,1,8.5,4.0,0,117.4
Tiree,1934,2,8.7,5.3,2,17.5
Tiree,1934,3,7.7,2.5,2,64.9
Tiree,1934,4,9.0,4.7,0,85.0
Tiree,1934,5,11.6,6.6,0,72.4
Tiree,1934,6,15.1,9.7,0,88.6
Tiree,1934,7,17.5,12.4,0,84.3
Tiree,1934,8,15.7,11.9,0,112.5
Tiree,1934,9,14.8,10.3,0,203.4
Tiree,1934,10,11.5,7.5,0,142.7
Tiree,1934,11,9.2,4.7,1,42.3
Tiree,1934,12,9.1,6.5,0,129.7
Tiree,1935,1,8.3,3.9,0,73.2
Tiree,1935,2,7.9,3.7,3,103.3
Tiree,1935,3,9.4,4.6,0,56.4
Tiree,1935,4,10.0,4.7,0,79.7
Tiree,1935,5,13.2,6.9,0,25.0
Tiree,1935,6,15.0,9.5,0,53.8
Tiree,1935,7,16.4,11.3,0,55.2
Tiree,1935,8,16.5,12.1,0,128.1
Tiree,1935,9,15.1,10.5,0,129.2
Tiree,1935,10,11.7,7.6,0,184.2
Tiree,1935,11,9.2,5.0,0,179.5
Tiree,1935,12,6.7,2.3,3,95.0
Tiree,1936,1,6.6,2.6,0,78.2
Tiree,1936,2,6.7,1.9,6,62.3
Tiree,1936,3,8.8,4.2,3,64.6
Tiree,1936,4,9.4,4.3,2,37.2
Tiree,1936,5,13.3,7.2,0,58.3
Tiree,1936,6,15.5,9.4,0,55.6
Tiree,1936,7,16.7,11.2,0,56.8
Tiree,1936,8,16.4,11.8,0,69.6
Tiree,1936,9,15.8,10.3,0,103.6
Tiree,1936,10,12.7,7.7,0,95.9
Tiree,1936,11,9.7,5.0,0,111.4
Tiree,1936,12,8.7,4.6,0,116.5
Tiree,1937,1,7.9,3.9,1,122.4
Tiree,1937,2,7.1,2.6,3,74.6
Tiree,1937,3,6.4,1.1,6,30.0
Tiree,1937,4,10.5,5.7,0,62.4
Tiree,1937,5,13.2,7.1,0,64.3
Tiree,1937,6,14.5,9.8,0,63.2
Tiree,1937,7,15.7,10.9,0,85.9
Tiree,1937,8,16.5,11.3,0,89.9
Tiree,1937,9,14.4,10.6,0,115.1
Tiree,1937,10,12.2,8.0,0,56.7
Tiree,1937,11,9.4,5.4,0,46.1
Tiree,1937,12,7.0,3.0,5,66.3
Tiree,1938,1,8.3,4.0,0,165.3
Tiree,1938,2,7.9,3.5,2,82.9
Tiree,1938,3,10.1,6.6,0,109.1
Tiree,1938,4,10.3,5.8,0,9.0
Tiree,1938,5,12.4,7.0,0,67.2
Tiree,1938,6,13.3,9.4,0,89.5
Tiree,1938,7,15.2,10.4,0,96.8
Tiree,1938,8,16.9,10.9,0,107.9
Tiree,1938,9,15.0,10.5,0,123.5
Tiree,1938,10,12.0,8.3,0,168.6
Tiree,1938,11,10.3,6.6,0,189.3
Tiree,1938,12,7.6,3.6,5,96.7
Tiree,1939,1,6.6,2.6,5,70.1
Tiree,1939,2,8.3,4.5,0,113.1
Tiree,1939,3,8.8,4.1,0,69.6
Tiree,1939,4,10.5,5.3,1,40.2
Tiree,1939,5,12.5,7.4,0,30.3
Tiree,1939,6,15.6,9.1,0,51.1
Tiree,1939,7,15.5,10.7,0,138.8
Tiree,1939,8,17.4,11.1,0,45.7
Tiree,1939,9,15.7,10.5,0,89.4
Tiree,1939,10,11.9,6.6,0,49.9
Tiree,1939,11,10.4,6.3,0,178.8
Tiree,1939,12,8.1,4.3,1,99.8
Tiree,1940,1,5.3,1.4,8,52.2
Tiree,1940,2,6.3,2.1,3,75.7
Tiree,1940,3,8.5,2.8,4,98.9
Tiree,1940,4,11.0,5.4,0,49.4
Tiree,1940,5,14.0,7.9,0,41.5
Tiree,1940,6,17.6,10.4,0,46.9
Tiree,1940,7,15.8,10.8,0,111.4
Tiree,1940,8,15.9,11.5,0,57.0
Tiree,1940,9,13.9,9.2,0,84.0
Tiree,1940,10,11.9,7.8,0,186.8
Tiree,1940,11,9.5,5.3,0,137.3
Tiree,1940,12,8.0,3.8,2,151.9
Tiree,1941,1,4.8,0.6,11,14.9
Tiree,1941,2,6.5,1.1,8,82.2
Tiree,1941,3,8.0,2.5,2,48.9
Tiree,1941,4,9.1,3.9,0,17.2
Tiree,1941,5,12.1,5.9,0,21.6
Tiree,1941,6,15.5,10.1,0,20.8
Tiree,1941,7,16.2,11.4,0,84.8
Tiree,1941,8,15.5,11.0,0,87.6
Tiree,1941,9,16.2,11.6,0,41.9
Tiree,1941,10,13.3,9.1,0,101.8
Tiree,1941,11,10.0,5.3,0,115.3
Tiree,1941,12,9.3,5.8,0,68.0
Tiree,1942,1,7.2,3.2,0,136.9
Tiree,1942,2,6.9,2.5,2,62.9
Tiree,1942,3,7.5,2.8,5,59.0
Tiree,1942,4,11.8,5.2,0,55.5
Tiree,1942,5,12.9,6.7,0,61.7
Tiree,1942,6,13.6,9.2,0,61.1
Tiree,1942,7,15.3,10.8,0,93.5
Tiree,1942,8,15.9,12.3,0,125.6
Tiree,1942,9,13.9,9.9,0,157.9
Tiree,1942,10,11.9,7.4,0,134.4
Tiree,1942,11,9.7,5.1,0,60.7
Tiree,1942,12,9.7,5.5,0,187.4
Tiree,1943,1,7.8,4.3,1,126.8
Tiree,1943,2,9.1,4.5,0,86.6
Tiree,1943,3,9.8,4.3,2,53.9
Tiree,1943,4,11.0,6.2,0,82.5
Tiree,1943,5,12.6,6.9,1,85.1
Tiree,1943,6,14.7,9.5,0,96.0
Tiree,1943,7,16.7,10.7,0,75.8
Tiree,1943,8,15.9,10.8,0,115.7
Tiree,1943,9,14.6,9.4,0,111.8
Tiree,1943,10,13.2,8.5,0,242.6
Tiree,1943,11,9.8,5.2,2,132.4
Tiree,1943,12,8.7,4.6,0,98.3
Tiree,1944,1,9.0,5.0,0,158.0
Tiree,1944,2,7.7,2.6,4,37.8
Tiree,1944,3,8.6,3.3,2,38.3
Tiree,1944,4,11.3,6.4,1,58.8
Tiree,1944,5,12.2,7.2,0,83.7
Tiree,1944,6,13.9,9.1,0,74.3
Tiree,1944,7,17.0,11.7,0,75.8
Tiree,1944,8,17.4,11.1,0,79.8
Tiree,1944,9,14.2,9.0,0,164.9
Tiree,1944,10,11.6,6.7,0,196.7
Tiree,1944,11,9.1,3.7,2,167.1
Tiree,1944,12,8.2,3.6,0,148.3
Tiree,1945,1,5.5,-0.2,14,114.1
Tiree,1945,2,9.0,4.7,1,135.2
Tiree,1945,3,10.6,6.4,0,70.1
Tiree,1945,4,11.0,5.8,2,45.1
Tiree,1945,5,12.9,7.2,0,66.6
Tiree,1945,6,14.7,9.1,0,99.9
Tiree,1945,7,16.4,11.6,0,109.8
Tiree,1945,8,17.1,11.6,0,59.3
Tiree,1945,9,15.8,10.8,0,157.5
Tiree,1945,10,13.7,9.5,0,169.5
Tiree,1945,11,11.5,7.3,0,27.7
Tiree,1945,12,9.4,5.2,0,150.9
Tiree,1946,1,8.0,4.1,0,219.2
Tiree,1946,2,8.4,3.8,4,88.8
Tiree,1946,3,8.8,3.7,5,86.1
Tiree,1946,4,11.0,5.2,1,39.9
Tiree,1946,5,14.4,6.6,0,14.0
Tiree,1946,6,14.1,8.6,0,103.9
Tiree,1946,7,15.3,10.8,0,96.7
Tiree,1946,8,15.5,10.0,0,117.0
Tiree,1946,9,15.2,10.3,0,110.4
Tiree,1946,10,12.5,7.7,0,14.4
Tiree,1946,11,10.4,5.4,2,98.6
Tiree,1946,12,8.1,3.0,3,131.5
Tiree,1947,1,6.8,2.2,8,96.6
Tiree,1947,2,3.4,-2.1,22,4.5
Tiree,1947,3,6.4,-0.2,15,50.2
Tiree,1947,4,9.8,4.1,1,148.1
Tiree,1947,5,13.4,7.1,0,91.6
Tiree,1947,6,14.2,9.2,0,93.6
Tiree,1947,7,16.3,10.5,0,88.9
Tiree,1947,8,19.5,12.3,0,4.1
Tiree,1947,9,15.4,10.0,0,130.0
Tiree,1947,10,13.6,9.1,0,47.6
Tiree,1947,11,9.7,5.0,5,148.6
Tiree,1947,12,8.8,4.5,4,87.9
Tiree,1948,1,7.2,2.3,3,167.0
Tiree,1948,2,8.3,2.8,3,111.8
Tiree,1948,3,10.4,5.7,0,86.1
Tiree,1948,4,11.4,5.3,1,53.4
Tiree,1948,5,13.4,6.4,0,44.0
Tiree,1948,6,14.6,9.1,0,96.1
Tiree,1948,7,16.1,10.5,0,96.5
Tiree,1948,8,15.7,10.9,0,100.5
Tiree,1948,9,14.7,9.9,0,169.0
Tiree,1948,10,12.1,7.7,0,171.0
Tiree,1948,11,11.0,7.1,0,120.1
Tiree,1948,12,9.3,5.3,0,189.1
Tiree,1949,1,8.6,3.6,5,126.7
Tiree,1949,2,9.0,4.2,0,87.4
Tiree,1949,3,9.1,3.5,3,80.0
Tiree,1949,4,11.1,5.8,0,138.7
Tiree,1949,5,12.7,6.8,0,52.3
Tiree,1949,6,16.1,9.1,0,33.8
Tiree,1949,7,17.0,11.5,0,36.6
Tiree,1949,8,16.3,11.5,0,88.0
Tiree,1949,9,16.7,11.0,0,87.4
Tiree,1949,10,13.5,9.4,0,189.7
Tiree,1949,11,10.3,6.0,0,187.0
Tiree,1949,12,8.3,3.2,1,175.2
Tiree,1950,1,8.4,5.3,0,97.4
Tiree,1950,2,7.4,2.0,5,131.0
Tiree,1950,3,9.7,5.0,0,85.0
Tiree,1950,4,9.5,3.7,1,86.8
Tiree,1950,5,14.1,7.0,0,32.0
Tiree,1950,6,15.4,9.6,0,73.8
Tiree,1950,7,16.7,11.4,0,175.5
Tiree,1950,8,16.7,11.4,0,124.0
Tiree,1950,9,14.1,9.7,0,232.5
Tiree,1950,10,11.7,7.5,0,175.2
Tiree,1950,11,8.8,3.5,0,118.9
Tiree,1950,12,5.5,1.2,9,104.3
Tiree,1951,1,6.9,2.5,1,219.7
Tiree,1951,2,6.2,1.4,0,102.0
Tiree,1951,3,6.9,2.1,5,76.3
Tiree,1951,4,8.7,3.0,3,70.5
Tiree,1951,5,12.9,5.8,0,17.9
Tiree,1951,6,15.1,8.7,0,43.4
Tiree,1951,7,15.7,11.1,0,83.4
Tiree,1951,8,15.8,10.7,0,104.4
Tiree,1951,9,15.2,10.3,0,96.0
Tiree,1951,10,13.1,8.8,0,98.3
Tiree,1951,11,11.0,6.1,0,176.7
Tiree,1951,12,8.7,4.2,0,184.7
Tiree,1952,1,6.2,1.6,4,133.8
Tiree,1952,2,7.5,3.1,3,49.6
Tiree,1952,3,9.2,4.1,2,119.6
Tiree,1952,4,11.3,5.8,0,51.7
Tiree,1952,5,13.8,7.7,0,35.4
Tiree,1952,6,13.7,8.5,0,88.3
Tiree,1952,7,16.1,11.0,0,71.3
Tiree,1952,8,16.4,10.9,0,89.7
Tiree,1952,9,13.4,7.5,0,87.7
Tiree,1952,10,11.5,7.0,0,115.9
Tiree,1952,11,8.3,3.2,5,52.3
Tiree,1952,12,7.9,2.9,3,131.6
Tiree,1953,1,8.2,4.4,1,77.0
Tiree,1953,2,8.3,3.7,4,82.8
Tiree,1953,3,9.6,4.5,0,33.7
Tiree,1953,4,9.8,3.4,2,72.1
Tiree,1953,5,13.7,7.9,0,58.4
Tiree,1953,6,15.5,9.9,0,37.0
Tiree,1953,7,15.7,11.0,0,114.8
Tiree,1953,8,16.4,11.3,0,117.5
Tiree,1953,9,15.3,10.6,0,143.1
Tiree,1953,10,13.1,9.1,0,113.0
Tiree,1953,11,10.9,6.7,0,202.5
Tiree,1953,12,10.0,6.1,0,117.9
Tiree,1954,1,7.5,3.4,2,158.5
Tiree,1954,2,6.5,2.2,2,94.7
Tiree,1954,3,8.5,3.4,1,118.2
Tiree,1954,4,11.0,4.9,0,35.8
Tiree,1954,5,13.0,7.6,0,103.9
Tiree,1954,6,14.8,9.6,0,88.4
Tiree,1954,7,14.7,10.0,0,76.7
Tiree,1954,8,15.4,10.6,0,81.2
Tiree,1954,9,14.1,8.7,0,216.4
Tiree,1954,10,12.4,8.0,0,139.6
Tiree,1954,11,9.8,4.7,0,225.0
Tiree,1954,12,9.2,5.1,0,141.1
Tiree,1955,1,5.6,1.4,13,85.6
Tiree,1955,2,5.1,0.2,11,76.7
Tiree,1955,3,7.9,1.9,4,22.3
Tiree,1955,4,11.6,5.9,0,73.0
Tiree,1955,5,12.1,5.8,0,49.9
Tiree,1955,6,15.2,9.3,0,86.2
Tiree,1955,7,17.9,11.5,0,9.9
Tiree,1955,8,18.0,12.3,0,33.3
Tiree,1955,9,15.6,11.0,0,163.4
Tiree,1955,10,11.9,7.2,0,165.5
Tiree,1955,11,11.0,8.0,0,45.3
Tiree,1955,12,8.3,3.5,6,159.8
Tiree,1956,1,6.9,2.6,5,96.3
Tiree,1956,2,6.6,1.2,12,54.9
Tiree,1956,3,9.3,4.5,0,36.1
Tiree,1956,4,10.0,4.0,0,60.0
Tiree,1956,5,12.5,7.7,0,76.0
Tiree,1956,6,14.1,8.4,0,62.8
Tiree,1956,7,16.3,11.1,0,104.7
Tiree,1956,8,14.6,9.7,0,192.7
Tiree,1956,9,15.0,10.1,0,107.1
Tiree,1956,10,11.9,7.8,0,102.5
Tiree,1956,11,10.2,6.6,0,92.5
Tiree,1956,12,9.0,5.1,0,162.2
Tiree,1957,1,8.6,3.6,0,148.0
Tiree,1957,2,7.4,2.3,5,81.5
Tiree,1957,3,9.7,6.3,0,119.2
Tiree,1957,4,11.4,5.6,0,45.2
Tiree,1957,5,12.7,7.1,0,70.1
Tiree,1957,6,15.8,9.6,0,60.2
Tiree,1957,7,15.9,11.2,0,128.6
Tiree,1957,8,16.5,11.4,0,93.8
Tiree,1957,9,13.7,9.1,0,74.7
Tiree,1957,10,12.5,8.1,0,125.1
Tiree,1957,11,9.8,5.9,0,59.9
Tiree,1957,12,8.7,4.6,1,140.2
Tiree,1958,1,7.0,2.7,9,145.6
Tiree,1958,2,6.9,2.0,4,88.3
Tiree,1958,3,6.9,2.2,7,19.1
Tiree,1958,4,10.1,4.7,0,53.3
Tiree,1958,5,12.1,5.7,0,68.6
Tiree,1958,6,15.0,9.7,0,83.7
Tiree,1958,7,16.4,10.8,0,46.3
Tiree,1958,8,16.0,11.4,0,79.3
Tiree,1958,9,16.7,11.4,0,106.3
Tiree,1958,10,13.0,9.0,0,102.8
Tiree,1958,11,11.0,7.1,0,67.7
Tiree,1958,12,8.3,3.8,0,116.9
Tiree,1959,1,6.2,1.5,7,52.8
Tiree,1959,2,8.8,4.8,2,30.1
Tiree,1959,3,9.2,5.3,0,87.4
Tiree,1959,4,10.9,5.6,0,78.3
Tiree,1959,5,15.3,8.0,0,17.2
Tiree,1959,6,15.1,10.1,0,68.4
Tiree,1959,7,16.2,11.3,0,134.1
Tiree,1959,8,16.7,11.9,0,35.5
Tiree,1959,9,16.3,11.0,0,53.8
Tiree,1959,10,14.5,10.0,0,148.6
Tiree,1959,11,10.3,6.3,0,134.6
Tiree,1959,12,8.7,3.9,1,175.1
Tiree,1960,1,7.6,2.8,3,70.2
Tiree,1960,2,6.8,2.3,7,84.5
Tiree,1960,3,8.6,4.1,3,57.9
Tiree,1960,4,11.3,6.0,0,72.7
Tiree,1960,5,14.4,8.4,0,50.7
Tiree,1960,6,16.2,10.9,0,74.5
Tiree,1960,7,16.5,11.2,0,86.9
Tiree,1960,8,16.4,11.0,0,70.0
Tiree,1960,9,15.3,9.8,0,93.9
Tiree,1960,10,12.7,8.0,0,52.1
Tiree,1960,11,10.1,5.7,1,158.0
Tiree,1960,12,7.9,3.5,0,150.9
Tiree,1961,1,7.4,2.5,0,129.6
Tiree,1961,2,8.8,4.6,1,138.8
Tiree,1961,3,10.2,6.1,0,64.5
Tiree,1961,4,10.9,5.9,2,84.9
Tiree,1961,5,12.8,7.3,0,46.7
Tiree,1961,6,14.5,9.5,0,51.2
Tiree,1961,7,14.9,10.5,0,88.4
Tiree,1961,8,15.3,10.8,0,138.4
Tiree,1961,9,15.0,10.5,0,155.4
Tiree,1961,10,12.4,8.0,0,164.7
Tiree,1961,11,9.3,3.8,1,85.3
Tiree,1961,12,6.3,1.6,11,82.9
Tiree,1962,1,7.9,3.1,1,210.0
Tiree,1962,2,7.9,2.6,3,66.8
Tiree,1962,3,6.3,0.9,10,53.1
Tiree,1962,4,10.5,3.5,2,52.8
Tiree,1962,5,12.3,5.9,0,46.7
Tiree,1962,6,14.2,9.2,0,77.6
Tiree,1962,7,16.1,10.2,0,40.8
Tiree,1962,8,15.3,10.3,0,123.5
Tiree,1962,9,14.1,9.2,0,148.5
Tiree,1962,10,13.0,8.9,0,76.1
Tiree,1962,11,9.6,5.0,1,88.2
Tiree,1962,12,7.8,3.6,4,116.2
Tiree,1963,1,4.5,-0.2,11,16.9
Tiree,1963,2,4.7,0.2,11,20.4
Tiree,1963,3,8.7,3.6,0,133.3
Tiree,1963,4,10.3,4.2,6,43.5
Tiree,1963,5,11.8,6.1,0,94.0
Tiree,1963,6,16.1,9.9,0,47.1
Tiree,1963,7,15.7,10.3,0,61.4
Tiree,1963,8,14.9,9.8,0,92.9
Tiree,1963,9,13.9,9.7,0,90.2
Tiree,1963,10,12.5,8.8,0,106.2
Tiree,1963,11,9.9,4.9,0,108.6
Tiree,1963,12,7.5,3.3,4,40.9
Tiree,1964,1,8.5,4.9,1,50.0
Tiree,1964,2,7.5,3.7,3,23.8
Tiree,1964,3,7.7,3.7,0,23.9
Tiree,1964,4,10.9,4.9,1,96.9
Tiree,1964,5,13.8,8.2,0,87.1
Tiree,1964,6,14.1,8.8,0,80.7
Tiree,1964,7,15.2,10.7,0,73.9
Tiree,1964,8,15.1,10.3,0,114.8
Tiree,1964,9,14.8,10.3,0,156.9
Tiree,1964,10,12.1,7.4,0,136.5
Tiree,1964,11,10.3,6.2,0,122.3
Tiree,1964,12,7.9,3.0,5,142.2
Tiree,1965,1,6.8,1.8,7,136.2
Tiree,1965,2,7.4,2.6,2,20.3
Tiree,1965,3,7.9,2.9,6,89.7
Tiree,1965,4,10.2,4.3,0,92.3
Tiree,1965,5,12.1,7.5,0,45.3
Tiree,1965,6,14.5,10.0,0,111.3
Tiree,1965,7,14.9,10.0,0,107.8
Tiree,1965,8,15.1,10.5,0,107.0
Tiree,1965,9,13.5,9.4,0,71.6
Tiree,1965,10,13.0,8.8,0,164.2
Tiree,1965,11,7.8,3.5,4,44.4
Tiree,1965,12,7.5,2.8,3,136.5
Tiree,1966,1,6.2,2.3,7,59.4
Tiree,1966,2,6.6,3.0,4,91.5
Tiree,1966,3,9.2,4.2,3,93.1
Tiree,1966,4,8.7,3.2,5,48.5
Tiree,1966,5,12.2,6.2,0,84.8
Tiree,1966,6,15.3,10.1,0,62.1
Tiree,1966,7,15.5,10.6,0,65.8
Tiree,1966,8,16.0,10.0,0,32.8
Tiree,1966,9,14.9,11.0,0,112.6
Tiree,1966,10,12.0,7.0,0,71.9
Tiree,1966,11,8.5,3.5,1,106.7
Tiree,1966,12,8.0,3.4,2,166.2
Tiree,1967,1,7.5,3.5,3,103.9
Tiree,1967,2,8.0,4.1,0,87.8
Tiree,1967,3,8.8,3.8,1,145.3
Tiree,1967,4,10.1,4.6,1,65.6
Tiree,1967,5,12.0,5.8,0,71.2
Tiree,1967,6,14.6,8.8,0,68.3
Tiree,1967,7,15.3,10.9,0,96.2
Tiree,1967,8,16.0,10.9,0,52.9
Tiree,1967,9,14.9,10.3,0,154.4
Tiree,1967,10,11.8,6.9,0,198.9
Tiree,1967,11,9.6,5.2,0,120.2
Tiree,1967,12,7.8,4.0,6,103.5
Tiree,1968,1,7.6,3.5,3,115.1
Tiree,1968,2,5.9,0.5,10,47.3
Tiree,1968,3,8.5,3.5,1,101.2
Tiree,1968,4,10.5,4.6,3,33.1
Tiree,1968,5,11.1,5.9,0,56.8
Tiree,1968,6,15.3,8.9,0,44.7
Tiree,1968,7,16.0,10.3,0,28.3
Tiree,1968,8,17.2,10.1,0,54.2
Tiree,1968,9,15.1,10.1,0,128.1
Tiree,1968,10,13.5,9.4,0,151.4
Tiree,1968,11,9.4,5.5,0,60.5
Tiree,1968,12,7.7,3.7,1,80.6
Tiree,1969,1,7.5,3.2,3,114.1
Tiree,1969,2,5.1,-0.1,14,44.8
Tiree,1969,3,7.5,1.8,3,5.4
Tiree,1969,4,10.2,4.1,0,37.4
Tiree,1969,5,12.2,6.3,0,48.7
Tiree,1969,6,15.6,8.9,0,63.7
Tiree,1969,7,15.6,10.8,0,71.7
Tiree,1969,8,16.5,11.7,0,53.8
Tiree,1969,9,14.8,10.3,0,110.6
Tiree,1969,10,14.3,10.2,0,179.7
Tiree,1969,11,7.8,2.7,6,142.7
Tiree,1969,12,7.8,3.6,1,121.4
Tiree,1970,1,7.2,3.2,4,67.9
Tiree,1970,2,6.3,0.4,12,98.8
Tiree,1970,3,7.3,1.7,11,52.4
Tiree,1970,4,9.0,3.4,2,61.4
Tiree,1970,5,13.0,7.8,0,68.6
Tiree,1970,6,17.2,10.8,0,36.4
Tiree,1970,7,14.2,9.6,0,136.1
Tiree,1970,8,16.1,11.3,0,67.8
Tiree,1970,9,14.3,10.2,0,174.4
Tiree,1970,10,12.2,8.1,0,126.1
Tiree,1970,11,9.5,4.8,1,164.4
Tiree,1970,12,8.2,4.0,2,73.1
Tiree,1971,1,8.2,4.4,0,87.0
Tiree,1971,2,8.3,4.4,1,83.1
Tiree,1971,3,9.0,4.0,1,61.6
Tiree,1971,4,10.6,5.0,0,90.6
Tiree,1971,5,13.0,7.5,0,48.0
Tiree,1971,6,14.2,8.2,0,49.4
Tiree,1971,7,16.1,11.0,0,56.8
Tiree,1971,8,16.3,10.9,0,93.8
Tiree,1971,9,15.7,10.5,0,92.9
Tiree,1971,10,13.5,9.0,1,150.4
Tiree,1971,11,9.7,5.3,0,105.7
Tiree,1971,12,9.7,6.1,4,75.3
Tiree,1972,1,7.0,3.0,5,100.4
Tiree,1972,2,7.5,3.5,2,83.3
Tiree,1972,3,8.9,3.6,1,75.5
Tiree,1972,4,10.3,4.9,0,132.9
Tiree,1972,5,12.6,7.2,0,94.6
Tiree,1972,6,12.9,7.9,0,89.9
Tiree,1972,7,15.4,10.1,0,78.2
Tiree,1972,8,14.7,10.2,0,65.9
Tiree,1972,9,14.1,8.3,0,43.2
Tiree,1972,10,13.2,8.8,0,86.0
Tiree,1972,11,9.3,4.1,1,110.4
Tiree,1972,12,9.1,4.8,0,109.6
Tiree,1973,1,8.2,4.7,0,130.8
Tiree,1973,2,7.3,2.9,4,83.0
Tiree,1973,3,9.0,4.6,0,58.5
Tiree,1973,4,9.4,3.7,2,33.6
Tiree,1973,5,12.2,6.4,0,68.4
Tiree,1973,6,14.1,8.8,0,79.3
Tiree,1973,7,15.8,11.1,0,65.6
Tiree,1973,8,16.2,11.6,0,94.2
Tiree,1973,9,14.8,9.5,0,111.1
Tiree,1973,10,11.7,7.0,0,65.9
Tiree,1973,11,8.9,4.6,2,99.4
Tiree,1973,12,8.0,3.4,2,159.2
Tiree,1974,1,8.7,4.1,0,229.8
Tiree,1974,2,7.9,3.9,0,115.5
Tiree,1974,3,8.3,3.2,2,60.8
Tiree,1974,4,11.7,4.7,0,7.6
Tiree,1974,5,12.6,7.5,0,44.5
Tiree,1974,6,14.7,8.8,0,73.3
Tiree,1974,7,15.1,10.2,0,71.9
Tiree,1974,8,16.0,10.9,0,103.1
Tiree,1974,9,13.7,8.8,0,137.4
Tiree,1974,10,10.9,6.8,0,62.7
Tiree,1974,11,8.9,4.4,1,137.3
Tiree,1974,12,9.2,5.0,0,179.3
Tiree,1975,1,8.2,3.5,2,229.5
Tiree,1975,2,8.0,4.4,1,37.6
Tiree,1975,3,7.7,2.5,6,54.4
Tiree,1975,4,9.6,5.1,3,90.2
Tiree,1975,5,12.1,5.8,0,15.2
Tiree,1975,6,15.0,8.9,0,43.5
Tiree,1975,7,16.5,11.5,0,99.6
Tiree,1975,8,17.3,12.2,0,56.3
Tiree,1975,9,14.2,9.4,0,164.1
Tiree,1975,10,12.8,9.1,0,99.6
Tiree,1975,11,9.7,5.6,0,152.0
Tiree,1975,12,9.2,5.1,0,65.9
Tiree,1976,1,8.4,4.1,0,136.3
Tiree,1976,2,7.6,3.5,3,72.4
Tiree,1976,3,7.9,3.8,0,98.3
Tiree,1976,4,10.7,5.6,1,51.2
Tiree,1976,5,12.4,7.2,0,84.3
Tiree,1976,6,15.0,10.3,0,102.9
Tiree,1976,7,17.3,12.5,0,50.5
Tiree,1976,8,18.5,11.2,0,11.3
Tiree,1976,9,14.9,10.3,0,48.7
Tiree,1976,10,12.3,7.9,0,217.6
Tiree,1976,11,9.6,5.0,0,159.6
Tiree,1976,12,6.1,2.2,3,85.4
Tiree,1977,1,6.5,2.5,9,89.4
Tiree,1977,2,6.3,2.1,2,79.6
Tiree,1977,3,8.7,4.4,1,113.4
Tiree,1977,4,9.2,4.0,1,60.8
Tiree,1977,5,12.9,6.5,0,27.9
Tiree,1977,6,14.2,7.6,0,27.2
Tiree,1977,7,16.7,11.1,0,52.5
Tiree,1977,8,16.5,10.8,0,71.3
Tiree,1977,9,14.1,9.1,0,120.0
Tiree,1977,10,13.2,9.6,0,152.3
Tiree,1977,11,9.1,3.9,2,123.5
Tiree,1977,12,8.6,4.9,1,72.9
Tiree,1978,1,6.5,2.1,6,168.8
Tiree,1978,2,6.1,1.2,9,44.3
Tiree,1978,3,8.3,3.9,0,162.6
Tiree,1978,4,9.6,3.9,2,14.8
Tiree,1978,5,13.8,7.1,0,24.2
Tiree,1978,6,14.4,9.3,0,38.5
Tiree,1978,7,15.1,10.3,0,53.0
Tiree,1978,8,15.4,11.2,0,61.0
Tiree,1978,9,14.6,10.6,0,158.0
Tiree,1978,10,13.1,9.4,0,83.4
Tiree,1978,11,10.6,5.9,2,182.8
Tiree,1978,12,7.4,4.0,3,112.6
Tiree,1979,1,5.3,0.1,15,135.4
Tiree,1979,2,5.4,0.8,10,40.0
Tiree,1979,3,6.8,1.5,8,109.2
Tiree,1979,4,9.1,4.1,1,61.3
Tiree,1979,5,10.1,5.0,1,71.1
Tiree,1979,6,14.7,9.2,0,41.9
Tiree,1979,7,14.6,10.6,0,122.1
Tiree,1979,8,15.3,10.4,0,99.9
Tiree,1979,9,14.1,9.5,0,137.7
Tiree,1979,10,12.9,8.9,0,121.9
Tiree,1979,11,9.4,4.5,1,215.3
Tiree,1979,12,8.1,3.9,2,139.5
Tiree,1980,1,6.8,2.6,4,110.0
Tiree,1980,2,7.5,3.5,4,95.3
Tiree,1980,3,7.6,2.5,5,76.5
Tiree,1980,4,10.8,5.6,0,19.8
Tiree,1980,5,14.1,7.2,0,17.7
Tiree,1980,6,14.6,9.6,0,88.2
Tiree,1980,7,15.4,10.5,0,93.7
Tiree,1980,8,16.1,11.7,0,94.6
Tiree,1980,9,15.3,11.2,0,227.5
Tiree,1980,10,11.4,7.1,0,160.2
Tiree,1980,11,9.5,5.0,1,147.3
Tiree,1980,12,8.6,4.5,0,155.5
Tiree,1981,1,8.2,3.5,4,126.0
Tiree,1981,2,6.9,3.1,2,62.7
Tiree,1981,3,8.8,3.9,2,84.4
Tiree,1981,4,10.5,4.7,2,16.4
Tiree,1981,5,13.2,7.5,0,78.0
Tiree,1981,6,13.9,8.8,0,59.2
Tiree,1981,7,15.2,10.6,0,90.2
Tiree,1981,8,16.1,11.2,0,90.2
Tiree,1981,9,15.4,10.7,0,162.8
Tiree,1981,10,10.4,5.2,0,156.0
Tiree,1981,11,10.1,5.6,0,169.4
Tiree,1981,12,5.8,1.4,9,97.0
Tiree,1982,1,6.5,2.8,7,162.7
Tiree,1982,2,8.0,3.9,0,136.7
Tiree,1982,3,8.5,3.2,1,133.6
Tiree,1982,4,10.8,5.5,0,33.0
Tiree,1982,5,12.9,6.8,0,82.1
Tiree,1982,6,16.4,10.1,0,48.9
Tiree,1982,7,17.0,11.2,0,24.4
Tiree,1982,8,16.3,11.0,0,103.6
Tiree,1982,9,14.4,9.5,0,196.7
Tiree,1982,10,12.9,8.2,0,129.7
Tiree,1982,11,9.8,5.0,1,178.3
Tiree,1982,12,7.9,2.9,6,140.0
Tiree,1983,1,8.6,3.6,5,146.1
Tiree,1983,2,6.5,1.3,7,31.8
Tiree,1983,3,8.9,4.4,1,114.1
Tiree,1983,4,9.3,2.6,4,40.4
Tiree,1983,5,12.1,6.0,0,40.8
Tiree,1983,6,14.4,8.8,0,66.1
Tiree,1983,7,17.9,11.3,0,36.9
Tiree,1983,8,17.6,11.7,0,70.3
Tiree,1983,9,14.4,9.7,0,105.9
Tiree,1983,10,12.5,7.6,0,215.5
Tiree,1983,11,10.7,6.1,1,44.2
Tiree,1983,12,9.4,4.5,0,163.4
Tiree,1984,1,6.2,0.9,10,207.8
Tiree,1984,2,7.8,3.2,2,84.7
Tiree,1984,3,8.1,2.6,2,57.8
Tiree,1984,4,11.3,5.3,1,64.1
Tiree,1984,5,12.7,5.9,0,16.3
Tiree,1984,6,14.7,9.7,0,50.1
Tiree,1984,7,16.5,11.4,0,37.7
Tiree,1984,8,17.8,12.0,0,57.5
Tiree,1984,9,14.4,9.6,0,149.5
Tiree,1984,10,12.4,7.8,0,238.2
Tiree,1984,11,9.9,4.9,2,144.0
Tiree,1984,12,9.1,4.5,1,148.9
Tiree,1985,1,5.2,0.2,12,65.9
Tiree,1985,2,6.7,2.8,7,36.4
Tiree,1985,3,7.5,2.1,4,61.4
Tiree,1985,4,10.3,4.7,0,97.9
Tiree,1985,5,12.9,6.3,0,48.4
Tiree,1985,6,14.6,8.2,0,24.4
Tiree,1985,7,15.5,10.7,0,193.1
Tiree,1985,8,15.1,10.6,0,230.3
Tiree,1985,9,14.1,9.9,0,169.5
Tiree,1985,10,13.1,9.0,0,74.2
Tiree,1985,11,8.0,1.9,6,104.2
Tiree,1985,12,8.6,3.9,3,172.8
Tiree,1986,1,6.9,2.0,5,153.6
Tiree,1986,2,4.4,-1.0,17,6.4
Tiree,1986,3,8.2,3.0,3,130.1
Tiree,1986,4,8.9,2.3,4,70.1
Tiree,1986,5,11.5,6.7,0,174.3
Tiree,1986,6,15.4,8.7,0,33.1
Tiree,1986,7,15.1,10.3,0,65.9
Tiree,1986,8,14.9,9.1,0,70.8
Tiree,1986,9,13.6,8.3,0,46.6
Tiree,1986,10,12.3,8.3,0,137.6
Tiree,1986,11,10.4,5.2,1,196.4
Tiree,1986,12,8.1,3.4,0,228.9
Tiree,1987,1,5.9,1.8,8,62.4
Tiree,1987,2,7.5,2.0,8,81.5
Tiree,1987,3,7.0,2.1,6,181.4
Tiree,1987,4,10.9,5.5,0,35.7
Tiree,1987,5,12.2,6.4,0,67.0
Tiree,1987,6,13.5,8.3,0,48.2
Tiree,1987,7,15.9,11.1,0,107.1
Tiree,1987,8,15.5,10.3,0,115.5
Tiree,1987,9,14.6,9.6,0,119.4
Tiree,1987,10,11.7,6.4,0,165.1
Tiree,1987,11,9.7,6.1,0,101.6
Tiree,1987,12,8.6,4.5,3,121.5
Tiree,1988,1,7.3,2.6,1,149.9
Tiree,1988,2,7.5,3.2,3,121.2
Tiree,1988,3,8.5,3.1,4,145.1
Tiree,1988,4,10.4,5.4,1,30.3
Tiree,1988,5,13.9,7.8,0,42.4
Tiree,1988,6,14.9,9.9,0,56.1
Tiree,1988,7,15.4,10.4,0,155.2
Tiree,1988,8,15.2,10.8,0,183.1
Tiree,1988,9,13.9,9.8,0,141.8
Tiree,1988,10,12.1,7.9,0,135.3
Tiree,1988,11,9.8,5.5,0,102.0
Tiree,1988,12,10.0,6.5,0,100.9
Tiree,1989,1,9.9,6.0,0,153.6
Tiree,1989,2,8.6,2.9,1,183.6
Tiree,1989,3,8.9,3.1,2,172.3
Tiree,1989,4,9.0,3.0,2,78.2
Tiree,1989,5,12.8,7.0,0,30.2
Tiree,1989,6,14.5,8.6,0,57.2
Tiree,1989,7,17.0,11.7,0,42.7
Tiree,1989,8,15.9,11.4,0,219.1
Tiree,1989,9,14.7,9.4,0,94.6
Tiree,1989,10,12.8,8.6,0,215.0
Tiree,1989,11,9.6,4.4,2,67.6
Tiree,1989,12,7.7,2.0,6,68.6
Tiree,1990,1,8.8,4.0,2,168.2
Tiree,1990,2,8.1,3.1,2,246.3
Tiree,1990,3,9.5,5.2,2,155.8
Tiree,1990,4,10.1,4.2,2,115.6
Tiree,1990,5,13.8,7.2,0,33.7
Tiree,1990,6,14.6,9.4,0,102.4
Tiree,1990,7,16.5,11.4,0,70.6
Tiree,1990,8,16.3,11.6,0,109.6
Tiree,1990,9,14.0,9.0,0,135.0
Tiree,1990,10,12.7,8.4,0,170.5
Tiree,1990,11,9.5,5.3,0,77.8
Tiree,1990,12,8.3,3.4,3,133.6
Tiree,1991,1,7.2,3.2,1,115.9
Tiree,1991,2,6.5,1.6,9,87.2
Tiree,1991,3,9.4,4.8,0,119.7
Tiree,1991,4,10.0,5.3,0,114.6
Tiree,1991,5,12.2,7.8,0,37.2
Tiree,1991,6,13.3,8.1,0,82.5
Tiree,1991,7,18.1,12.4,0,83.7
Tiree,1991,8,16.8,12.5,0,70.4
Tiree,1991,9,15.4,9.9,0,109.5
Tiree,1991,10,11.9,7.6,0,144.9
Tiree,1991,11,9.5,5.0,0,200.2
Tiree,1991,12,9.3,5.5,1,115.9
Tiree,1992,1,8.5,4.9,1,84.9
Tiree,1992,2,8.8,4.8,0,151.1
Tiree,1992,3,8.9,4.6,0,150.5
Tiree,1992,4,9.7,5.5,0,122.1
Tiree,1992,5,14.7,7.9,0,48.2
Tiree,1992,6,16.2,10.6,0,32.7
Tiree,1992,7,15.8,11.0,0,90.5
Tiree,1992,8,15.4,10.7,0,185.8
Tiree,1992,9,13.9,8.7,0,145.8
Tiree,1992,10,10.5,5.9,0,107.2
Tiree,1992,11,9.2,4.7,0,210.0
Tiree,1992,12,7.5,4.0,1,114.7
Tiree,1993,1,8.0,3.0,2,258.7
Tiree,1993,2,8.3,5.6,0,65.9
Tiree,1993,3,8.7,4.2,3,85.5
Tiree,1993,4,10.5,5.8,0,154.9
Tiree,1993,5,13.0,7.0,0,51.6
Tiree,1993,6,14.5,10.0,0,92.3
Tiree,1993,7,14.5,10.2,0,87.1
Tiree,1993,8,15.0,10.0,0,65.0
Tiree,1993,9,14.8,9.0,0,63.4
Tiree,1993,10,11.0,5.9,0,45.2
Tiree,1993,11,9.2,5.3,0,96.1
Tiree,1993,12,7.3,2.8,4,208.8
Tiree,1994,1,7.6,2.7,0,179.7
Tiree,1994,2,6.1,2.3,2,70.7
Tiree,1994,3,8.3,3.3,1,142.7
Tiree,1994,4,9.7,4.4,0,107.4
Tiree,1994,5,13.3,6.3,0,40.6
Tiree,1994,6,13.5,9.0,0,112.4
Tiree,1994,7,16.6,11.4,0,83.3
Tiree,1994,8,15.9,10.5,0,72.5
Tiree,1994,9,14.5,9.4,0,98.4
Tiree,1994,10,12.4,7.9,0,104.8
Tiree,1994,11,11.8,8.6,0,133.3
Tiree,1994,12,9.2,4.4,0,205.0
Tiree,1995,1,7.6,2.7,3,182.8
Tiree,1995,2,7.7,3.0,2,144.6
Tiree,1995,3,7.4,2.2,4,154.3
Tiree,1995,4,10.2,4.9,0,41.1
Tiree,1995,5,12.0,6.8,0,64.9
Tiree,1995,6,15.1,9.3,0,28.2
Tiree,1995,7,17.3,12.0,0,90.4
Tiree,1995,8,18.4,12.8,0,33.8
Tiree,1995,9,15.4,9.8,0,86.3
Tiree,1995,10,14.1,9.5,0,195.0
Tiree,1995,11,10.9,6.4,0,103.3
Tiree,1995,12,6.6,1.9,8,44.1
Tiree,1996,1,8.1,4.8,3,88.7
Tiree,1996,2,7.4,1.7,6,129.3
Tiree,1996,3,7.6,3.3,2,50.4
Tiree,1996,4,10.0,5.7,0,100.3
Tiree,1996,5,11.1,5.1,0,57.6
Tiree,1996,6,14.3,9.4,0,73.4
Tiree,1996,7,15.3,10.6,0,75.5
Tiree,1996,8,15.9,11.5,0,129.1
Tiree,1996,9,15.8,10.6,0,56.0
Tiree,1996,10,12.9,8.6,0,247.0
Tiree,1996,11,8.9,3.7,3,183.9
Tiree,1996,12,7.3,3.1,7,68.3
Tiree,1997,1,7.2,2.6,7,44.4
Tiree,1997,2,8.6,2.9,0,201.9
Tiree,1997,3,9.9,5.7,0,88.9
Tiree,1997,4,11.0,6.4,0,54.9
Tiree,1997,5,13.4,7.0,0,52.5
Tiree,1997,6,14.6,9.4,0,22.9
Tiree,1997,7,16.8,11.6,0,74.8
Tiree,1997,8,18.2,12.6,0,97.4
Tiree,1997,9,15.4,9.9,0,106.1
Tiree,1997,10,12.9,8.0,0,80.9
Tiree,1997,11,11.3,7.5,0,113.7
Tiree,1997,12,9.5,5.2,1,166.4
Tiree,1998,1,8.5,3.9,1,207.5
Tiree,1998,2,9.9,6.4,0,124.1
Tiree,1998,3,9.5,5.1,2,91.2
Tiree,1998,4,9.8,4.2,1,43.8
Tiree,1998,5,13.1,7.9,0,38.3
Tiree,1998,6,14.2,8.8,0,71.0
Tiree,1998,7,15.2,10.8,0,114.2
Tiree,1998,8,15.7,11.2,0,138.8
Tiree,1998,9,15.9,10.4,0,35.1
Tiree,1998,10,12.1,6.9,0,187.7
Tiree,1998,11,9.9,5.0,1,137.9
Tiree,1998,12,9.4,5.1,0,156.6
Tiree,1999,1,8.1,3.4,2,173.5
Tiree,1999,2,7.5,3.3,4,89.0
Tiree,1999,3,8.9,4.3,0,94.0
Tiree,1999,4,10.7,5.7,2,79.0
Tiree,1999,5,13.4,7.7,0,50.1
Tiree,1999,6,13.7,8.8,0,88.0
Tiree,1999,7,16.2,11.3,0,68.0
Tiree,1999,8,17.2,10.8,0,78.4
Tiree,1999,9,15.6,11.0,0,157.2
Tiree,1999,10,13.1,9.1,0,103.6
Tiree,1999,11,10.4,6.2,0,172.7
Tiree,1999,12,7.4,3.2,0,259.6
Tiree,2000,1,8.4,4.3,0,124.8
Tiree,2000,2,8.4,3.6,2,158.0
Tiree,2000,3,9.3,5.2,1,77.0
Tiree,2000,4,9.6,4.6,0,50.8
Tiree,2000,5,13.4,7.3,0,43.4
Tiree,2000,6,14.1,9.3,0,62.2
Tiree,2000,7,16.6,11.1,0,20.4
Tiree,2000,8,17.0,11.5,0,87.6
Tiree,2000,9,15.6,10.6,0,137.2
Tiree,2000,10,12.4,8.1,0,226.4
Tiree,2000,11,9.5,5.2,0,128.0
Tiree,2000,12,8.0,4.5,5,165.6
Tiree,2001,1,6.9,3.3,3,109.6
Tiree,2001,2,7.1,3.1,4,60.5
Tiree,2001,3,8.0,2.4,8,30.2
Tiree,2001,4,9.9,4.3,0,31.6
Tiree,2001,5,14.0,7.6,0,22.6
Tiree,2001,6,13.7,8.8,0,61.8
Tiree,2001,7,15.5,10.8,0,63.0
Tiree,2001,8,16.6,11.3,0,95.6
Tiree,2001,9,14.9,10.0,0,88.2
Tiree,2001,10,14.1,10.4,0,183.8
Tiree,2001,11,11.0,6.4,0,145.2
Tiree,2001,12,8.6,4.0,2,89.6
Tiree,2002,1,9.5,5.5,1,155.0
Tiree,2002,2,8.6,3.9,1,187.2
Tiree,2002,3,9.4,4.9,0,82.0
Tiree,2002,4,10.8,6.2,0,100.4
Tiree,2002,5,13.2,7.9,0,91.8
Tiree,2002,6,14.5,10.3,0,135.8
Tiree,2002,7,15.3,10.8,0,100.2
Tiree,2002,8,16.8,11.7,0,36.0
Tiree,2002,9,16.0,10.6,0,80.0
Tiree,2002,10,11.6,7.1,0,118.8
Tiree,2002,11,10.8,7.2,1,136.8
Tiree,2002,12,8.2,4.5,1,52.0
Tiree,2003,1,7.8,3.3,7,100.8
Tiree,2003,2,7.7,4.0,3,55.6
Tiree,2003,3,9.8,5.3,0,78.0
Tiree,2003,4,12.2,6.4,0,52.0
Tiree,2003,5,12.5,7.4,0,85.6
Tiree,2003,6,15.4,10.6,0,69.0
Tiree,2003,7,17.4,12.5,0,75.0
Tiree,2003,8,17.7,12.0,0,33.6
Tiree,2003,9,15.5,9.7,0,92.2
Tiree,2003,10,11.9,7.0,0,58.0
Tiree,2003,11,10.9,6.7,0,183.6
Tiree,2003,12,8.8,4.3,2,123.6
Tiree,2004,1,8.5,4.3,1,140.6
Tiree,2004,2,8.1,3.1,4,54.0
Tiree,2004,3,9.4,4.6,0,86.2
Tiree,2004,4,11.0,6.6,0,79.6
Tiree,2004,5,13.1,7.7,0,34.6
Tiree,2004,6,14.9,10.2,0,68.2
Tiree,2004,7,16.1,10.8,0,75.2
Tiree,2004,8,18.1,12.5,0,122.2
Tiree,2004,9,15.4,10.9,0,192.8
Tiree,2004,10,12.6,5.7,0,143.3
Tiree,2004,11,10.6,7.2,0,93.6
Tiree,2004,12,9.7,5.1,1,145.8
Tiree,2005,1,9.2,4.7,2,148.3
Tiree,2005,2,7.7,3.0,5,71.0
Tiree,2005,3,10.0,5.3,0,83.6
Tiree,2005,4,11.2,5.6,1,109.2
Tiree,2005,5,12.3,6.8,0,86.0
Tiree,2005,6,15.3,10.6,0,85.8
Tiree,2005,7,16.2,11.3,0,39.2
Tiree,2005,8,16.4,11.8,0,119.0
Tiree,2005,9,15.8,11.1,0,140.0
Tiree,2005,10,13.7,9.7,0,126.0
Tiree,2005,11,10.3,5.6,0,109.8
Tiree,2005,12,9.1,4.8,2,111.4
Tiree,2006,1,8.5,4.8,0,76.6
Tiree,2006,2,8.3,3.5,4,59.0
Tiree,2006,3,7.9,2.6,8,114.4
Tiree,2006,4,10.0,4.9,1,81.2
Tiree,2006,5,12.8,7.2,0,98.8
Tiree,2006,6,15.2,10.1,0,69.0
Tiree,2006,7,17.7,12.6,0,82.2
Tiree,2006,8,16.4,11.7,0,65.6
Tiree,2006,9,16.4,12.1,0,123.2
Tiree,2006,10,14.1,10.1,0,184.6
Tiree,2006,11,10.7,6.3,0,136.4
Tiree,2006,12,9.5,5.7,0,178.0
Tiree,2007,1,9.4,4.8,1,144.3
Tiree,2007,2,8.4,4.6,2,106.0
Tiree,2007,3,9.3,4.3,1,76.6
Tiree,2007,4,12.3,6.8,0,46.8
Tiree,2007,5,12.8,7.2,0,69.8
Tiree,2007,6,16.1,10.3,0,63.6
Tiree,2007,7,16.2,11.0,0,57.4
Tiree,2007,8,15.7,11.0,0,114.0
Tiree,2007,9,14.7,9.8,0,66.4
Tiree,2007,10,13.8,9.9,0,117.6
Tiree,2007,11,10.9,6.9,0,98.0
Tiree,2007,12,9.4,5.1,0,100.4
Tiree,2008,1,8.5,3.4,3,161.7
Tiree,2008,2,9.0,4.4,0,109.9
Tiree,2008,3,8.5,3.6,1,126.2
Tiree,2008,4,10.4,4.8,0,64.4
Tiree,2008,5,15.3,8.9,0,33.8
Tiree,2008,6,14.8,9.2,0,109.4
Tiree,2008,7,17.0,11.4,0,82.8
Tiree,2008,8,16.6,12.1,0,107.6
Tiree,2008,9,15.1,10.2,0,79.4
Tiree,2008,10,12.0,6.7,1,179.6
Tiree,2008,11,9.7,5.7,2,117.2
Tiree,2008,12,8.0,3.1,4,123.6
Tiree,2009,1,7.9,3.4,3,151.8
Tiree,2009,2,7.8,3.9,4,47.6
Tiree,2009,3,9.3,4.3,1,88.3
Tiree,2009,4,11.7,6.6,0,111.4
Tiree,2009,5,13.3,7.3,0,94.0
Tiree,2009,6,16.2,9.9,0,46.8
Tiree,2009,7,16.8,11.6,0,101.2
Tiree,2009,8,16.2,11.9,0,206.4
Tiree,2009,9,15.1,10.9,0,72.4
Tiree,2009,10,13.3,9.1,0,164.2
Tiree,2009,11,10.2,5.9,0,239.8
Tiree,2009,12,7.3,2.6,9,97.6
Tiree,2010,1,6.3,1.4,11,72.8
Tiree,2010,2,6.1,0.9,8,74.2
Tiree,2010,3,8.7,3.3,3,53.9
Tiree,2010,4,10.6,5.1,1,57.0
Tiree,2010,5,12.3,6.8,0,51.8
Tiree,2010,6,16.0,10.4,0,30.4
Tiree,2010,7,16.1,11.4,0,129.0
Tiree,2010,8,16.0,10.9,0,98.6
Tiree,2010,9,15.2,11.3,0,108.2
Tiree,2010,10,13.3,7.9,0,123.6
Tiree,2010,11,8.4,3.2,2,140.4
Tiree,2010,12,5.7,0.3,15,49.0
Tiree,2011,1,7.8,3.2,4.0,100.0
Tiree,2011,2,8.3,3.8,0,124
Tiree,2011,3,9.1,5,0,63.8
Tiree,2011,4.0,12.7,7.1,0.0,80.2
Tiree,2011,5,13,8,0,158.2
Tiree,2011,6,14.3,8.8,0,84.4
Tiree,2011,7,15.8,10.4,0,50.8
Tiree,2011,8,15.7,10.4,0,123.2
Tiree,2011,9,15.1,10.8,0,165
Tiree,2011,10,12.9,9,0,176.4
Tiree,2011,11,11.9,8,0,121.6
Tiree,2011,12,8.5,3.5,0,262.2
Tiree,2012,1,8.2,4.5,0,137.8
Tiree,2012,2,8.8,5.5,0,133.2
Tiree,2012,3,10.5,6.5,0,43.4
Tiree,2012,4,10.2,4.1,1,51.4
Tiree,2012,5,13.5,6.9,0,56.6
Tiree,2012,6,14.5,8.9,0,82.2
Tiree,2012,7,15.5,10.3,0,82.8
Tiree,2012,8,17.1,11.7,0,62.8
Tiree,2012,9,14.2,9.7,0,98
Tiree,2012,10,11.6,5.7,1,102.8
Tiree,2012,11,9.4,5.2,0,163
Tiree,2012,12,8,3.5,2,177.8
Tiree,2013,1,7.5,4.5,0,140.4
Tiree,2013,2,6.9,2.9,3,72
Tiree,2013,3,7,1.9,5,25
Tiree,2013,4,9.5,3.4,4,97.4
Tiree,2013,5,11.8,6.3,0,92.4
Tiree,2013,6,15.1,9.1,0,58.6
Tiree,2013,7,17.7,11.9,0,48
Tiree,2013,8,16.5,11.6,0,102.6
Tiree,2013,9,15.1,10.4,0,109.7
Tiree,2013,10,13.2,8.8,0,118
Tiree,2013,11,9.7,4.9,0,126.8
Tiree,2013,12,9.5,5.3,0,219.4
Tiree,2014,1,7.9,4.4,0,187.4
Tiree,2014,2,7.9,3.8,0,206
Tiree,2014,3,9.4,4.9,0,100.6
Tiree,2014,4,12.1,6.8,0,48
Tiree,2014,5,13.3,8.3,0,110
Tiree,2014,6,15.7,11.1,0,47.4
Tiree,2014,7,17.7,12.2,0,118.2
Tiree,2014,8,16,11,0,100.6
Tiree,2014,9,16.1,10.9,0,27
Tiree,2014,10,13.3,8.1,0,250.4
Tiree,2014,11,11.4,7.1,0,128.4
Tiree,2014,12,8.7,3.8,0,186.8
Tiree,2015,1,7.6,2.6,3,177.6
Tiree,2015,2,7.6,2.8,0,96.4
Tiree,2015,3,8.8,3.8,0,140.6
Tiree,2015,4,10.4,4.5,1,60.6
Tiree,2015,5,11.3,6.3,0,123.4
Tiree,2015,6,13.2,8.7,0,68.8
Tiree,2015,7,15.1,9.9,0,165.8
Tiree,2015,8,15.9,10.9,0,74.7
Tiree,2015,9,14.7,10.3,0,40.9
Tiree,2015,10,13.5,8.6,0,73.8
Tiree,2015,11,10.7,6.4,0,189.6
Tiree,2015,12,9.8,5.1,0,268.6
Tiree,2016,1,8,4,1,186.2
Tiree,2016,2,7.4,2.5,2,153.6
Tiree,2016,3,8.9,4.4,0,92.4
Tiree,2016,4,9.5,4,0,77.4
Tiree,2016,5,14.3,7.6,0,60.2
Tiree,2016,6,16,10.8,0,54.8
Tiree,2016,7,15.7,11,0,144.8
Tiree,2016,8,16.7,12.1,0,124.4
Tiree,2016,9,15.8,11.4,0,137.4
Tiree,2016,10,13.4,9,0,37.4
Tiree,2016,11,9.7,4.6,2,117
Tiree,2016,12,10.4,6.1,0,131.4
Tiree,2017,1,8.6,4.9,1,83.4
Tiree,2017,2,8.6,4.3,2,122.6
Tiree,2017,3,9.9,4.7,0,103.6
Tiree,2017,4,10.6,5.7,0,36.2
Tiree,2017,5,14.6,8,0,55.8
Tiree,2017,6,14.8,10.7,0,79.4
Tiree,2017,7,16.4,10.9,0,115.8
Tiree,2017,8,16.6,11.7,0,182
Tiree,2017,9,15,10.2,0,132.6
Tiree,2017,10,13.6,9.3,0,167
Tiree,2017,11,9.4,4.7,0,129.4
Tiree,2017,12,8.2,3.8,3,128
Tiree,2018,1,7.4,2.9,2,181.6
Tiree,2018,2,6.8,2.4,3,112
Tiree,2018,3,7.3,2,6,68.1
Tiree,2018,4,10.7,5,1,71.4
Tiree,2018,5,14.2,8.2,0,57.2
Tiree,2018,6,16.3,10.3,0,48.4
Tiree,2018,7,17,12,0,73.2
Tiree,2018,8,16,11.2,0,104.4
Tiree,2018,9,14.2,9.2,0,140
Tiree,2018,10,12.2,7.7,0,152.4
Tiree,2018,11,10.6,6.6,0,123.8
Tiree,2018,12,9.4,5.4,0,108.6
Tiree,2019,1,7.8,4.1,3,75.8
Tiree,2019,2,9.4,5,1,102.6
Tiree,2019,3,9.4,5,9,132.9
Tiree,2019,4,11.8,6.2,0,27.8
Tiree,2019,5,12.1,6.4,0,91.2
Tiree,2019,6,15.1,10,0,59.4
Tiree,2019,7,16.9,12.5,0,133.8
Tiree,2019,8,17.2,12.2,0,186.4
Tiree,2019,9,15.5,10.8,0,86
Tiree,2019,10,12.2,7.7,0,133.5
Tiree,2019,11,8.8,4.2,3,81.8
Tiree,2019,12,9.2,5,0,196.3
Tiree,2020,1,9,5,0,130.8
Tiree,2020,2,7.9,2.8,1,188.6
Tiree,2020,3,8.5,3.8,0,129.8
Tiree,2020,4,11.5,5.2,0,19
Tiree,2020,5,13.3,7.6,0,51.6
Tiree,2020,6,15.7,10.4,0,66.8
Tiree,2020,7,15.1,10.5,0,129.4
Tiree,2020,8,16.9,11.7,0,78.4
Tiree,2020,9,15.2,10.1,0,147.2
Tiree,2020,10,12.4,7.8,0,266.8
Tiree,2020,11,11.2,7.3,0,132.3
Tiree,2020,12,8.5,4.2,0,126.8
Tiree,2021,1,6.7,2,5,131.2
Tiree,2021,2,7.2,3.2,6,92
Tiree,2021,3,9.2,5,0,115.2
Tiree,2021,4,9.9,3.6,1,33.8
Tiree,2021,5,12,6,0,63.6
Tiree,2021,6,14.9,9.9,0,46.4
Tiree,2021,7,17.5,12.2,0,21
Tiree,2021,8,16.9,11.6,0,58.4
Tiree,2021,9,15.9,11.7,0,113.2
Tiree,2021,10,13.4,9.1,0,199.8
Tiree,2021,11,10.9,6.8,0,134.6
Tiree,2021,12,8.9,5,0,124
Tiree,2022,1,8.9,5.3,0,87.2
Tiree,2022,2,8.7,3.5,1,167.4
Tiree,2022,3,10,4.6,1,44.4
Tiree,2022,4,11.3,5.6,0,101.8
Tiree,2022,5,13.5,9.1,0,103.4
Tiree,2022,6,15.5,10.2,0,88.6
Tiree,2022,7,16.2,11.7,0,62.9
Tiree,2022,8,17.1,11.8,0,68.5
Tiree,2022,9,16.1,11.2,0,196.4